image_path,true_label,predicted_label,correct,confidence,prob_bridge,prob_freeway,prob_overpass,prob_railway
bridge/bridge701.jpg,bridge,bridge,True,0.9314178228378296,0.9314178228378296,0.021953927353024483,0.02376900240778923,0.02285929210484028
bridge/bridge702.jpg,bridge,bridge,True,0.9261659383773804,0.9261659383773804,0.026471471413969994,0.027899010106921196,0.01946367882192135
bridge/bridge703.jpg,bridge,bridge,True,0.9434804320335388,0.9434804320335388,0.015517231076955795,0.022620175033807755,0.018382135778665543
bridge/bridge704.jpg,bridge,bridge,True,0.933605432510376,0.933605432510376,0.016594072803854942,0.02989172376692295,0.019908785820007324
bridge/bridge705.jpg,bridge,bridge,True,0.9401634335517883,0.9401634335517883,0.016639521345496178,0.028035344555974007,0.015161830931901932
bridge/bridge706.jpg,bridge,bridge,True,0.9524911046028137,0.9524911046028137,0.012352190911769867,0.021432070061564445,0.013724597170948982
bridge/bridge707.jpg,bridge,bridge,True,0.946622908115387,0.946622908115387,0.01297113299369812,0.027391113340854645,0.013014917261898518
bridge/bridge708.jpg,bridge,bridge,True,0.9432037472724915,0.9432037472724915,0.015527208335697651,0.026576058939099312,0.014692965894937515
bridge/bridge709.jpg,bridge,bridge,True,0.9192639589309692,0.9192639589309692,0.01614261604845524,0.04247843846678734,0.022114939987659454
bridge/bridge710.jpg,bridge,bridge,True,0.9372928738594055,0.9372928738594055,0.012546957470476627,0.034916479140520096,0.01524378266185522
bridge/bridge711.jpg,bridge,bridge,True,0.9638827443122864,0.9638827443122864,0.009400218725204468,0.017195869237184525,0.009521163068711758
bridge/bridge712.jpg,bridge,bridge,True,0.9571840763092041,0.9571840763092041,0.013049914501607418,0.0161181278526783,0.013647892512381077
bridge/bridge713.jpg,bridge,bridge,True,0.9621022343635559,0.9621022343635559,0.010070482268929482,0.015871016308665276,0.011956296861171722
bridge/bridge714.jpg,bridge,bridge,True,0.9600059986114502,0.9600059986114502,0.013936428353190422,0.015491737984120846,0.010565862990915775
bridge/bridge715.jpg,bridge,bridge,True,0.9628968238830566,0.9628968238830566,0.01200784556567669,0.014118144288659096,0.010977230966091156
bridge/bridge716.jpg,bridge,bridge,True,0.9318137764930725,0.9318137764930725,0.030891986563801765,0.017371565103530884,0.01992255263030529
bridge/bridge717.jpg,bridge,bridge,True,0.93031907081604,0.93031907081604,0.031547728925943375,0.017187677323818207,0.020945558324456215
bridge/bridge718.jpg,bridge,bridge,True,0.9199779033660889,0.9199779033660889,0.0349147692322731,0.018835315480828285,0.026271982118487358
bridge/bridge719.jpg,bridge,bridge,True,0.9127403497695923,0.9127403497695923,0.03674651309847832,0.024967022240161896,0.025546075776219368
bridge/bridge720.jpg,bridge,bridge,True,0.9067515730857849,0.9067515730857849,0.029337318614125252,0.030816245824098587,0.03309477120637894
bridge/bridge721.jpg,bridge,bridge,True,0.854529857635498,0.854529857635498,0.020644664764404297,0.07386860251426697,0.050956856459379196
bridge/bridge722.jpg,bridge,bridge,True,0.899501621723175,0.899501621723175,0.011398330330848694,0.05830661952495575,0.03079349920153618
bridge/bridge723.jpg,bridge,bridge,True,0.922156035900116,0.922156035900116,0.011514907702803612,0.04031887277960777,0.0260101817548275
bridge/bridge724.jpg,bridge,bridge,True,0.9340356588363647,0.9340356588363647,0.009272624738514423,0.037519603967666626,0.01917209103703499
bridge/bridge725.jpg,bridge,bridge,True,0.9378671050071716,0.9378671050071716,0.008417952805757523,0.031956158578395844,0.021758785471320152
bridge/bridge726.jpg,bridge,bridge,True,0.9367308020591736,0.9367308020591736,0.009923426434397697,0.025892648845911026,0.027453061193227768
bridge/bridge727.jpg,bridge,bridge,True,0.9407381415367126,0.9407381415367126,0.010133722797036171,0.023153584450483322,0.02597452700138092
bridge/bridge728.jpg,bridge,bridge,True,0.9402279853820801,0.9402279853820801,0.010067698545753956,0.023969067260622978,0.02573521062731743
bridge/bridge729.jpg,bridge,bridge,True,0.9359948635101318,0.9359948635101318,0.009927324950695038,0.02800414338707924,0.026073673740029335
bridge/bridge730.jpg,bridge,bridge,True,0.9442902207374573,0.9442902207374573,0.011062055826187134,0.02279801480472088,0.021849654614925385
bridge/bridge731.jpg,bridge,bridge,True,0.9446030855178833,0.9446030855178833,0.010875855572521687,0.024611972272396088,0.01990911178290844
bridge/bridge732.jpg,bridge,bridge,True,0.9397909641265869,0.9397909641265869,0.011976444162428379,0.02742680162191391,0.020805811509490013
bridge/bridge733.jpg,bridge,bridge,True,0.9253318309783936,0.9253318309783936,0.015534411184489727,0.03052600659430027,0.028607811778783798
bridge/bridge734.jpg,bridge,bridge,True,0.9258294105529785,0.9258294105529785,0.01581929810345173,0.03142145276069641,0.026929741725325584
bridge/bridge735.jpg,bridge,bridge,True,0.935609757900238,0.935609757900238,0.014087059535086155,0.025410793721675873,0.02489233948290348
bridge/bridge736.jpg,bridge,bridge,True,0.9349189400672913,0.9349189400672913,0.014045298099517822,0.02860739827156067,0.02242840640246868
bridge/bridge737.jpg,bridge,bridge,True,0.9432507157325745,0.9432507157325745,0.012239190749824047,0.024224525317549706,0.0202854685485363
bridge/bridge738.jpg,bridge,bridge,True,0.9482222199440002,0.9482222199440002,0.008709295652806759,0.02293206751346588,0.020136531442403793
bridge/bridge739.jpg,bridge,bridge,True,0.9551661014556885,0.9551661014556885,0.007993663661181927,0.017676806077361107,0.019163446500897408
bridge/bridge740.jpg,bridge,bridge,True,0.9452995657920837,0.9452995657920837,0.00980319269001484,0.020356299355626106,0.024540945887565613
bridge/bridge741.jpg,bridge,bridge,True,0.9437066912651062,0.9437066912651062,0.009445958770811558,0.02172030694782734,0.025127006694674492
bridge/bridge742.jpg,bridge,bridge,True,0.9449038505554199,0.9449038505554199,0.006847997196018696,0.022694488987326622,0.02555358037352562
bridge/bridge743.jpg,bridge,bridge,True,0.9355402588844299,0.9355402588844299,0.008343950845301151,0.02964732237160206,0.026468472555279732
bridge/bridge744.jpg,bridge,bridge,True,0.9179936051368713,0.9179936051368713,0.01418270729482174,0.05836597830057144,0.009457758627831936
bridge/bridge745.jpg,bridge,bridge,True,0.9348382949829102,0.9348382949829102,0.02028188668191433,0.033703070133924484,0.011176647618412971
bridge/bridge746.jpg,bridge,bridge,True,0.9307812452316284,0.9307812452316284,0.02099243551492691,0.030652353540062904,0.01757407933473587
bridge/bridge747.jpg,bridge,bridge,True,0.742310106754303,0.742310106754303,0.029512429609894753,0.122050940990448,0.10612662136554718
bridge/bridge748.jpg,bridge,bridge,True,0.5140290856361389,0.5140290856361389,0.01644706539809704,0.35764285922050476,0.11188097298145294
bridge/bridge749.jpg,bridge,bridge,True,0.7581419348716736,0.7581419348716736,0.01431283913552761,0.18824395537376404,0.039301324635744095
bridge/bridge750.jpg,bridge,overpass,False,0.44337260723114014,0.4250170886516571,0.049978744238615036,0.44337260723114014,0.08163147419691086
bridge/bridge751.jpg,bridge,overpass,False,0.6337896585464478,0.2686799466609955,0.025167733430862427,0.6337896585464478,0.07236270606517792
bridge/bridge752.jpg,bridge,bridge,True,0.9482407569885254,0.9482407569885254,0.01823177933692932,0.015988972038030624,0.017538631334900856
bridge/bridge753.jpg,bridge,bridge,True,0.9190163016319275,0.9190163016319275,0.029950961470603943,0.02430650033056736,0.02672620303928852
bridge/bridge754.jpg,bridge,bridge,True,0.9285475611686707,0.9285475611686707,0.026043543592095375,0.022305423393845558,0.023103568702936172
bridge/bridge755.jpg,bridge,bridge,True,0.9270644187927246,0.9270644187927246,0.026533376425504684,0.02261972241103649,0.02378256618976593
bridge/bridge756.jpg,bridge,bridge,True,0.9265229105949402,0.9265229105949402,0.01880965381860733,0.042175740003585815,0.01249171607196331
bridge/bridge757.jpg,bridge,bridge,True,0.925194263458252,0.925194263458252,0.016875291243195534,0.04798665642738342,0.009943830780684948
bridge/bridge758.jpg,bridge,bridge,True,0.9241452813148499,0.9241452813148499,0.01548758614808321,0.050999049097299576,0.009368105791509151
bridge/bridge759.jpg,bridge,bridge,True,0.9361397624015808,0.9361397624015808,0.013368651270866394,0.04322228953242302,0.0072693489491939545
bridge/bridge760.jpg,bridge,bridge,True,0.9313133955001831,0.9313133955001831,0.013208957388997078,0.04834945872426033,0.007128223776817322
bridge/bridge761.jpg,bridge,bridge,True,0.9176251292228699,0.9176251292228699,0.018092863261699677,0.05583015829324722,0.00845179334282875
bridge/bridge762.jpg,bridge,bridge,True,0.9181388020515442,0.9181388020515442,0.016657959669828415,0.057182975113391876,0.008020331151783466
bridge/bridge763.jpg,bridge,bridge,True,0.9257877469062805,0.9257877469062805,0.015112938359379768,0.05147853121161461,0.007620875257998705
bridge/bridge764.jpg,bridge,bridge,True,0.9120590090751648,0.9120590090751648,0.017418868839740753,0.062475163489580154,0.008046938106417656
bridge/bridge765.jpg,bridge,bridge,True,0.9292687177658081,0.9292687177658081,0.014654729515314102,0.048415523022413254,0.007661007344722748
bridge/bridge766.jpg,bridge,bridge,True,0.9246340990066528,0.9246340990066528,0.01541556604206562,0.05132780224084854,0.008622524328529835
bridge/bridge767.jpg,bridge,bridge,True,0.9428850412368774,0.9428850412368774,0.01470528356730938,0.034729477018117905,0.007680234964936972
bridge/bridge768.jpg,bridge,bridge,True,0.9369003176689148,0.9369003176689148,0.014949287287890911,0.040173597633838654,0.007976759225130081
bridge/bridge769.jpg,bridge,bridge,True,0.9396296143531799,0.9396296143531799,0.014491566456854343,0.039601609110832214,0.006277257576584816
bridge/bridge770.jpg,bridge,bridge,True,0.9385582208633423,0.9385582208633423,0.013634241186082363,0.039434317499399185,0.008373218588531017
bridge/bridge771.jpg,bridge,bridge,True,0.9446620941162109,0.9446620941162109,0.013651777058839798,0.033971089869737625,0.0077149756252765656
bridge/bridge772.jpg,bridge,bridge,True,0.9305769801139832,0.9305769801139832,0.01739189587533474,0.04303760454058647,0.008993435651063919
bridge/bridge773.jpg,bridge,bridge,True,0.9369720816612244,0.9369720816612244,0.013349533081054688,0.04167119786143303,0.008007180877029896
bridge/bridge774.jpg,bridge,bridge,True,0.930252730846405,0.930252730846405,0.018953626975417137,0.041300639510154724,0.009493048302829266
bridge/bridge775.jpg,bridge,bridge,True,0.937109649181366,0.937109649181366,0.010201835073530674,0.038726162165403366,0.013962511904537678
bridge/bridge776.jpg,bridge,bridge,True,0.9275722503662109,0.9275722503662109,0.015107618644833565,0.042126819491386414,0.015193224884569645
bridge/bridge777.jpg,bridge,bridge,True,0.9231824278831482,0.9231824278831482,0.014659681357443333,0.04801691323518753,0.014140965417027473
bridge/bridge778.jpg,bridge,bridge,True,0.9465861916542053,0.9465861916542053,0.012424170970916748,0.029171396046876907,0.011818303726613522
bridge/bridge779.jpg,bridge,bridge,True,0.9428530335426331,0.9428530335426331,0.011594702489674091,0.034721601754426956,0.010830510407686234
bridge/bridge780.jpg,bridge,bridge,True,0.9374023079872131,0.9374023079872131,0.012731951661407948,0.03644808009266853,0.01341770775616169
bridge/bridge781.jpg,bridge,bridge,True,0.9309408068656921,0.9309408068656921,0.013788465410470963,0.04331573471426964,0.011955032125115395
bridge/bridge782.jpg,bridge,bridge,True,0.9364750385284424,0.9364750385284424,0.01415996439754963,0.03754979744553566,0.01181519404053688
bridge/bridge783.jpg,bridge,bridge,True,0.9190381765365601,0.9190381765365601,0.017951196059584618,0.04794346168637276,0.015067201107740402
bridge/bridge784.jpg,bridge,bridge,True,0.9345585703849792,0.9345585703849792,0.014382724650204182,0.03789426013827324,0.013164551928639412
bridge/bridge785.jpg,bridge,bridge,True,0.9410988688468933,0.9410988688468933,0.01645161397755146,0.030027732253074646,0.01242177002131939
bridge/bridge786.jpg,bridge,bridge,True,0.9346933364868164,0.9346933364868164,0.01677733100950718,0.0366753488779068,0.011853947304189205
bridge/bridge787.jpg,bridge,bridge,True,0.9379151463508606,0.9379151463508606,0.014541447162628174,0.03492844104766846,0.012615039013326168
bridge/bridge788.jpg,bridge,bridge,True,0.9331145882606506,0.9331145882606506,0.014686815440654755,0.03812817111611366,0.014070373959839344
bridge/bridge789.jpg,bridge,bridge,True,0.9456897974014282,0.9456897974014282,0.01290072500705719,0.028629276901483536,0.012780241668224335
bridge/bridge790.jpg,bridge,bridge,True,0.9550061821937561,0.9550061821937561,0.012882130220532417,0.023222211748361588,0.008889487013220787
bridge/bridge791.jpg,bridge,bridge,True,0.944211483001709,0.944211483001709,0.014304963871836662,0.029822571203112602,0.011661011725664139
bridge/bridge792.jpg,bridge,bridge,True,0.9549986720085144,0.9549986720085144,0.011244148015975952,0.023892316967248917,0.009864920750260353
bridge/bridge793.jpg,bridge,bridge,True,0.9467957019805908,0.9467957019805908,0.01070138718932867,0.02766856551170349,0.014834383502602577
bridge/bridge794.jpg,bridge,bridge,True,0.9436839818954468,0.9436839818954468,0.012789314612746239,0.0307625625282526,0.01276408601552248
bridge/bridge795.jpg,bridge,bridge,True,0.9516569972038269,0.9516569972038269,0.012591803446412086,0.02249055914580822,0.013260788284242153
bridge/bridge796.jpg,bridge,bridge,True,0.9330350160598755,0.9330350160598755,0.017313873395323753,0.027970468625426292,0.02168072760105133
bridge/bridge797.jpg,bridge,bridge,True,0.9195728302001953,0.9195728302001953,0.02275075390934944,0.029238171875476837,0.02843829058110714
bridge/bridge798.jpg,bridge,bridge,True,0.9146902561187744,0.9146902561187744,0.021378125995397568,0.03577367216348648,0.028157923370599747
bridge/bridge799.jpg,bridge,bridge,True,0.908643901348114,0.908643901348114,0.022773057222366333,0.039689164608716965,0.0288938470184803
bridge/bridge800.jpg,bridge,bridge,True,0.8803272843360901,0.8803272843360901,0.02715538814663887,0.04358736053109169,0.04892994463443756
freeway/freeway701.jpg,freeway,freeway,True,0.9297144412994385,0.013005978427827358,0.9297144412994385,0.03864346817135811,0.018636172637343407
freeway/freeway702.jpg,freeway,freeway,True,0.8466591238975525,0.01631072536110878,0.8466591238975525,0.09444798529148102,0.04258207231760025
freeway/freeway703.jpg,freeway,freeway,True,0.9260862469673157,0.015957994386553764,0.9260862469673157,0.03913324698805809,0.01882239431142807
freeway/freeway704.jpg,freeway,freeway,True,0.8705409169197083,0.016147447749972343,0.8705409169197083,0.060527753084897995,0.052783917635679245
freeway/freeway705.jpg,freeway,freeway,True,0.8955776691436768,0.01996120996773243,0.8955776691436768,0.05824407935142517,0.02621707133948803
freeway/freeway706.jpg,freeway,freeway,True,0.9210314750671387,0.019369928166270256,0.9210314750671387,0.04154766723513603,0.01805095002055168
freeway/freeway707.jpg,freeway,freeway,True,0.9142008423805237,0.022808874025940895,0.9142008423805237,0.041261058300733566,0.02172922156751156
freeway/freeway708.jpg,freeway,freeway,True,0.9203158617019653,0.01877191662788391,0.9203158617019653,0.03855224698781967,0.022359872236847878
freeway/freeway709.jpg,freeway,freeway,True,0.8940438628196716,0.01675477810204029,0.8940438628196716,0.062135323882102966,0.027066146954894066
freeway/freeway710.jpg,freeway,freeway,True,0.9271135926246643,0.014990311115980148,0.9271135926246643,0.03519076108932495,0.022705290466547012
freeway/freeway711.jpg,freeway,freeway,True,0.9072742462158203,0.018032681196928024,0.9072742462158203,0.03835878521203995,0.036334291100502014
freeway/freeway712.jpg,freeway,freeway,True,0.9361139535903931,0.01698366366326809,0.9361139535903931,0.021772878244519234,0.025129521265625954
freeway/freeway713.jpg,freeway,freeway,True,0.9455457925796509,0.012707035057246685,0.9455457925796509,0.022205471992492676,0.019541621208190918
freeway/freeway714.jpg,freeway,freeway,True,0.9343611001968384,0.012573754414916039,0.9343611001968384,0.02217761240899563,0.030887436121702194
freeway/freeway715.jpg,freeway,freeway,True,0.9277547597885132,0.013915278017520905,0.9277547597885132,0.02665347047150135,0.0316765122115612
freeway/freeway716.jpg,freeway,freeway,True,0.931740403175354,0.015702972188591957,0.931740403175354,0.037811584770679474,0.014745078049600124
freeway/freeway717.jpg,freeway,freeway,True,0.9296861290931702,0.017820028588175774,0.9296861290931702,0.03451543673872948,0.017978403717279434
freeway/freeway718.jpg,freeway,freeway,True,0.9568662047386169,0.010932017117738724,0.9568662047386169,0.02001919597387314,0.012182626873254776
freeway/freeway719.jpg,freeway,freeway,True,0.962755024433136,0.00943365041166544,0.962755024433136,0.018194593489170074,0.009616643190383911
freeway/freeway720.jpg,freeway,freeway,True,0.8173409700393677,0.03454761579632759,0.8173409700393677,0.10442053526639938,0.043690960854291916
freeway/freeway721.jpg,freeway,freeway,True,0.7875794768333435,0.0456947423517704,0.7875794768333435,0.12701287865638733,0.03971295431256294
freeway/freeway722.jpg,freeway,freeway,True,0.7923180460929871,0.04931766912341118,0.7923180460929871,0.11468539386987686,0.04367886856198311
freeway/freeway723.jpg,freeway,freeway,True,0.7855600118637085,0.059605155140161514,0.7855600118637085,0.12231159955263138,0.03252328187227249
freeway/freeway724.jpg,freeway,freeway,True,0.7981486916542053,0.057226624339818954,0.7981486916542053,0.10826539993286133,0.036359407007694244
freeway/freeway725.jpg,freeway,freeway,True,0.7388728857040405,0.06629118323326111,0.7388728857040405,0.14314036071300507,0.0516955703496933
freeway/freeway726.jpg,freeway,freeway,True,0.8911989331245422,0.03627629950642586,0.8911989331245422,0.05889083445072174,0.013633925467729568
freeway/freeway727.jpg,freeway,freeway,True,0.9120088219642639,0.03107212670147419,0.9120088219642639,0.041632767766714096,0.015286286361515522
freeway/freeway728.jpg,freeway,freeway,True,0.9243013858795166,0.02185378037393093,0.9243013858795166,0.04070262238383293,0.013142146170139313
freeway/freeway729.jpg,freeway,freeway,True,0.9262514114379883,0.019332794472575188,0.9262514114379883,0.034520912915468216,0.01989489234983921
freeway/freeway730.jpg,freeway,freeway,True,0.9200301766395569,0.019920434802770615,0.9200301766395569,0.03927828371524811,0.020771058276295662
freeway/freeway731.jpg,freeway,freeway,True,0.8996930122375488,0.02668721415102482,0.8996930122375488,0.04842534288764,0.025194436311721802
freeway/freeway732.jpg,freeway,freeway,True,0.9024879336357117,0.0315142460167408,0.9024879336357117,0.03854694962501526,0.027450963854789734
freeway/freeway733.jpg,freeway,freeway,True,0.9297336935997009,0.026430664584040642,0.9297336935997009,0.027743367478251457,0.01609225571155548
freeway/freeway734.jpg,freeway,freeway,True,0.8103440403938293,0.03983467072248459,0.8103440403938293,0.11004417389631271,0.039777085185050964
freeway/freeway735.jpg,freeway,freeway,True,0.8430158495903015,0.03899765759706497,0.8430158495903015,0.08267170935869217,0.035314880311489105
freeway/freeway736.jpg,freeway,freeway,True,0.9038881659507751,0.03428919240832329,0.9038881659507751,0.041252251714468,0.02057032473385334
freeway/freeway737.jpg,freeway,freeway,True,0.8751053810119629,0.028987688943743706,0.8751053810119629,0.06760268658399582,0.02830423228442669
freeway/freeway738.jpg,freeway,freeway,True,0.895790696144104,0.020136427134275436,0.895790696144104,0.05980638042092323,0.02426649071276188
freeway/freeway739.jpg,freeway,freeway,True,0.9102691411972046,0.02324356511235237,0.9102691411972046,0.03974376618862152,0.026743492111563683
freeway/freeway740.jpg,freeway,freeway,True,0.9081734418869019,0.02942243032157421,0.9081734418869019,0.03982537239789963,0.022578738629817963
freeway/freeway741.jpg,freeway,freeway,True,0.9305022358894348,0.02446683868765831,0.9305022358894348,0.02797371707856655,0.017057223245501518
freeway/freeway742.jpg,freeway,freeway,True,0.8658484220504761,0.028620542958378792,0.8658484220504761,0.07022735476493835,0.035303667187690735
freeway/freeway743.jpg,freeway,freeway,True,0.8752820491790771,0.03364395722746849,0.8752820491790771,0.0658419281244278,0.025231992825865746
freeway/freeway744.jpg,freeway,freeway,True,0.9011279344558716,0.02670087106525898,0.9011279344558716,0.047662217170000076,0.024508992210030556
freeway/freeway745.jpg,freeway,freeway,True,0.938929557800293,0.018371334299445152,0.938929557800293,0.0278105940669775,0.01488851010799408
freeway/freeway746.jpg,freeway,freeway,True,0.9209842085838318,0.020412903279066086,0.9209842085838318,0.0421268530189991,0.016476016491651535
freeway/freeway747.jpg,freeway,freeway,True,0.8938462734222412,0.028182873502373695,0.8938462734222412,0.055638086050748825,0.02233266830444336
freeway/freeway748.jpg,freeway,freeway,True,0.8853721618652344,0.022313347086310387,0.8853721618652344,0.06936896592378616,0.022945497184991837
freeway/freeway749.jpg,freeway,freeway,True,0.9249622821807861,0.01859128288924694,0.9249622821807861,0.04363468661904335,0.012811711058020592
freeway/freeway750.jpg,freeway,freeway,True,0.7948784232139587,0.035960130393505096,0.7948784232139587,0.13313955068588257,0.036021821200847626
freeway/freeway751.jpg,freeway,freeway,True,0.8367584347724915,0.03375722095370293,0.8367584347724915,0.09481767565011978,0.034666698426008224
freeway/freeway752.jpg,freeway,freeway,True,0.882908046245575,0.03754058852791786,0.882908046245575,0.061875998973846436,0.017675453796982765
freeway/freeway753.jpg,freeway,freeway,True,0.9081487059593201,0.02838992513716221,0.9081487059593201,0.04308560863137245,0.020375633612275124
freeway/freeway754.jpg,freeway,freeway,True,0.9193651080131531,0.024003667756915092,0.9193651080131531,0.03619949892163277,0.020431671291589737
freeway/freeway755.jpg,freeway,freeway,True,0.892867386341095,0.02439374104142189,0.892867386341095,0.059227507561445236,0.02351147122681141
freeway/freeway756.jpg,freeway,freeway,True,0.8860583901405334,0.02148391678929329,0.8860583901405334,0.06934842467308044,0.023109253495931625
freeway/freeway757.jpg,freeway,freeway,True,0.9097661375999451,0.020676758140325546,0.9097661375999451,0.04524001479148865,0.024316992610692978
freeway/freeway758.jpg,freeway,freeway,True,0.932420551776886,0.019518164917826653,0.932420551776886,0.03195935860276222,0.016101988032460213
freeway/freeway759.jpg,freeway,freeway,True,0.9048082828521729,0.019055282697081566,0.9048082828521729,0.05862424522638321,0.017512178048491478
freeway/freeway760.jpg,freeway,freeway,True,0.9164751768112183,0.023010097444057465,0.9164751768112183,0.04335658252239227,0.017158156260848045
freeway/freeway761.jpg,freeway,freeway,True,0.9188408255577087,0.021164871752262115,0.9188408255577087,0.0349978469312191,0.02499636448919773
freeway/freeway762.jpg,freeway,freeway,True,0.9197528958320618,0.01919039711356163,0.9197528958320618,0.04086896404623985,0.02018781192600727
freeway/freeway763.jpg,freeway,freeway,True,0.9267597198486328,0.014052617363631725,0.9267597198486328,0.041264038532972336,0.017923640087246895
freeway/freeway764.jpg,freeway,freeway,True,0.9237133860588074,0.02060956135392189,0.9237133860588074,0.041815854609012604,0.013861166313290596
freeway/freeway765.jpg,freeway,freeway,True,0.8863112330436707,0.03491450846195221,0.8863112330436707,0.05471021682024002,0.024064049124717712
freeway/freeway766.jpg,freeway,freeway,True,0.8350273370742798,0.029300101101398468,0.8350273370742798,0.09139357507228851,0.04427897557616234
freeway/freeway767.jpg,freeway,freeway,True,0.8646076321601868,0.028772713616490364,0.8646076321601868,0.07037468254566193,0.036244988441467285
freeway/freeway768.jpg,freeway,freeway,True,0.886691689491272,0.028561703860759735,0.886691689491272,0.06636450439691544,0.018382055684924126
freeway/freeway769.jpg,freeway,freeway,True,0.91597980260849,0.0282173790037632,0.91597980260849,0.033730749040842056,0.02207205258309841
freeway/freeway770.jpg,freeway,freeway,True,0.9044695496559143,0.030549058690667152,0.9044695496559143,0.039806123822927475,0.02517513930797577
freeway/freeway771.jpg,freeway,freeway,True,0.8989317417144775,0.02553059160709381,0.8989317417144775,0.04754634201526642,0.027991333976387978
freeway/freeway772.jpg,freeway,freeway,True,0.8881215453147888,0.025828350335359573,0.8881215453147888,0.05834486335515976,0.02770519070327282
freeway/freeway773.jpg,freeway,freeway,True,0.8263169527053833,0.04008118063211441,0.8263169527053833,0.08706404268741608,0.046537868678569794
freeway/freeway774.jpg,freeway,freeway,True,0.9250277876853943,0.03262903913855553,0.9250277876853943,0.025183100253343582,0.01716003753244877
freeway/freeway775.jpg,freeway,freeway,True,0.9100991487503052,0.027135200798511505,0.9100991487503052,0.03645045682787895,0.026315096765756607
freeway/freeway776.jpg,freeway,freeway,True,0.880676805973053,0.037696145474910736,0.880676805973053,0.049524158239364624,0.03210277482867241
freeway/freeway777.jpg,freeway,freeway,True,0.8478899598121643,0.0410761684179306,0.8478899598121643,0.07403066754341125,0.03700320050120354
freeway/freeway778.jpg,freeway,freeway,True,0.9020729064941406,0.026248319074511528,0.9020729064941406,0.05117494612932205,0.020503787323832512
freeway/freeway779.jpg,freeway,freeway,True,0.9060728549957275,0.025758063420653343,0.9060728549957275,0.037889011204242706,0.030280208215117455
freeway/freeway780.jpg,freeway,freeway,True,0.9148381948471069,0.02999063767492771,0.9148381948471069,0.03296344354748726,0.022207746282219887
freeway/freeway781.jpg,freeway,freeway,True,0.8850085735321045,0.04313814267516136,0.8850085735321045,0.04774696007370949,0.024106282740831375
freeway/freeway782.jpg,freeway,freeway,True,0.8926133513450623,0.027046209201216698,0.8926133513450623,0.05836671590805054,0.021973785012960434
freeway/freeway783.jpg,freeway,freeway,True,0.8316296339035034,0.054073624312877655,0.8316296339035034,0.07903755456209183,0.03525923192501068
freeway/freeway784.jpg,freeway,freeway,True,0.8865275979042053,0.02803492546081543,0.8865275979042053,0.05996183305978775,0.025475632399320602
freeway/freeway785.jpg,freeway,freeway,True,0.8943361043930054,0.03269990161061287,0.8943361043930054,0.0523490384221077,0.0206149909645319
freeway/freeway786.jpg,freeway,freeway,True,0.8806236982345581,0.03481398895382881,0.8806236982345581,0.06201157346367836,0.0225507915019989
freeway/freeway787.jpg,freeway,freeway,True,0.8366092443466187,0.03691947087645531,0.8366092443466187,0.09915011376142502,0.027321163564920425
freeway/freeway788.jpg,freeway,freeway,True,0.8889170289039612,0.03325258567929268,0.8889170289039612,0.05602332577109337,0.02180694043636322
freeway/freeway789.jpg,freeway,freeway,True,0.8023684620857239,0.03128555044531822,0.8023684620857239,0.14158974587917328,0.024756308645009995
freeway/freeway790.jpg,freeway,freeway,True,0.8626471757888794,0.034500882029533386,0.8626471757888794,0.08276195079088211,0.02008993923664093
freeway/freeway791.jpg,freeway,freeway,True,0.9211734533309937,0.02848907746374607,0.9211734533309937,0.025294754654169083,0.025042688474059105
freeway/freeway792.jpg,freeway,freeway,True,0.8792774677276611,0.04207606986165047,0.8792774677276611,0.05072318762540817,0.027923226356506348
freeway/freeway793.jpg,freeway,freeway,True,0.9134358763694763,0.030152440071105957,0.9134358763694763,0.03464535251259804,0.02176632732152939
freeway/freeway794.jpg,freeway,freeway,True,0.8996950387954712,0.03304939344525337,0.8996950387954712,0.03359586000442505,0.03365979343652725
freeway/freeway795.jpg,freeway,freeway,True,0.900985062122345,0.02592761442065239,0.900985062122345,0.05209322273731232,0.020994048565626144
freeway/freeway796.jpg,freeway,freeway,True,0.9281803369522095,0.020288322120904922,0.9281803369522095,0.031789131462574005,0.01974216103553772
freeway/freeway797.jpg,freeway,freeway,True,0.9131522178649902,0.02717313915491104,0.9131522178649902,0.03119305707514286,0.028481625020503998
freeway/freeway798.jpg,freeway,freeway,True,0.9054142832756042,0.028153272345662117,0.9054142832756042,0.043401025235652924,0.02303149923682213
freeway/freeway799.jpg,freeway,freeway,True,0.9046807289123535,0.029370643198490143,0.9046807289123535,0.04696683585643768,0.01898173801600933
freeway/freeway800.jpg,freeway,freeway,True,0.8825719356536865,0.03541108965873718,0.8825719356536865,0.055067818611860275,0.026949068531394005
overpass/overpass701.jpg,overpass,overpass,True,0.9223731160163879,0.01949889399111271,0.029575884342193604,0.9223731160163879,0.028552155941724777
overpass/overpass702.jpg,overpass,overpass,True,0.9505017995834351,0.010863982141017914,0.01898735761642456,0.9505017995834351,0.019646823406219482
overpass/overpass703.jpg,overpass,overpass,True,0.8763052225112915,0.038110002875328064,0.05159572884440422,0.8763052225112915,0.033989012241363525
overpass/overpass704.jpg,overpass,overpass,True,0.9145626425743103,0.018881669268012047,0.03932393714785576,0.9145626425743103,0.027231799438595772
overpass/overpass705.jpg,overpass,overpass,True,0.92259681224823,0.017503151670098305,0.015130218118429184,0.92259681224823,0.044769834727048874
overpass/overpass706.jpg,overpass,overpass,True,0.9090090990066528,0.026931840926408768,0.02616914175450802,0.9090090990066528,0.03788990527391434
overpass/overpass707.jpg,overpass,overpass,True,0.9398688077926636,0.01495792530477047,0.020454712212085724,0.9398688077926636,0.024718569591641426
overpass/overpass708.jpg,overpass,overpass,True,0.9412544965744019,0.02027519792318344,0.02035456709563732,0.9412544965744019,0.018115678802132607
overpass/overpass709.jpg,overpass,overpass,True,0.918721616268158,0.023249037563800812,0.023973049595952034,0.918721616268158,0.03405633196234703
overpass/overpass710.jpg,overpass,overpass,True,0.9385533928871155,0.016034428030252457,0.024320708587765694,0.9385533928871155,0.02109149657189846
overpass/overpass711.jpg,overpass,overpass,True,0.9257890582084656,0.009394303895533085,0.025000596418976784,0.9257890582084656,0.03981604054570198
overpass/overpass712.jpg,overpass,overpass,True,0.896798849105835,0.03999779373407364,0.029884306713938713,0.896798849105835,0.0333191342651844
overpass/overpass713.jpg,overpass,overpass,True,0.8794199228286743,0.04440965875983238,0.02792435511946678,0.8794199228286743,0.04824603348970413
overpass/overpass714.jpg,overpass,overpass,True,0.9044800996780396,0.03460366278886795,0.01877371408045292,0.9044800996780396,0.04214249551296234
overpass/overpass715.jpg,overpass,overpass,True,0.9301729798316956,0.02071300335228443,0.019090265035629272,0.9301729798316956,0.03002374805510044
overpass/overpass716.jpg,overpass,overpass,True,0.891890823841095,0.04374250769615173,0.025632910430431366,0.891890823841095,0.03873373940587044
overpass/overpass717.jpg,overpass,overpass,True,0.9330472350120544,0.01553748082369566,0.022433187812566757,0.9330472350120544,0.028982112184166908
overpass/overpass718.jpg,overpass,overpass,True,0.8885827660560608,0.039990149438381195,0.03037436120212078,0.8885827660560608,0.04105266183614731
overpass/overpass719.jpg,overpass,overpass,True,0.9269194602966309,0.011895593255758286,0.03384175896644592,0.9269194602966309,0.027343282476067543
overpass/overpass720.jpg,overpass,overpass,True,0.913538932800293,0.013379431329667568,0.025815216824412346,0.913538932800293,0.047266487032175064
overpass/overpass721.jpg,overpass,overpass,True,0.9367285370826721,0.01774393767118454,0.01598948985338211,0.9367285370826721,0.029538029804825783
overpass/overpass722.jpg,overpass,overpass,True,0.901324450969696,0.028674764558672905,0.0297909677028656,0.901324450969696,0.040209826081991196
overpass/overpass723.jpg,overpass,overpass,True,0.900048017501831,0.029771903529763222,0.027682797983288765,0.900048017501831,0.04249729961156845
overpass/overpass724.jpg,overpass,overpass,True,0.9070064425468445,0.02623705379664898,0.021819958463311195,0.9070064425468445,0.044936519116163254
overpass/overpass725.jpg,overpass,overpass,True,0.9108983874320984,0.020118284970521927,0.018806323409080505,0.9108983874320984,0.050176993012428284
overpass/overpass726.jpg,overpass,overpass,True,0.9276230931282043,0.011572481133043766,0.019269507378339767,0.9276230931282043,0.0415349118411541
overpass/overpass727.jpg,overpass,overpass,True,0.9088447690010071,0.02447790838778019,0.03423209488391876,0.9088447690010071,0.03244522213935852
overpass/overpass728.jpg,overpass,overpass,True,0.9481598138809204,0.013172590173780918,0.025381596758961678,0.9481598138809204,0.013285928405821323
overpass/overpass729.jpg,overpass,overpass,True,0.9098280072212219,0.027989806607365608,0.025009600445628166,0.9098280072212219,0.03717254102230072
overpass/overpass730.jpg,overpass,overpass,True,0.9388460516929626,0.013186861760914326,0.02485775761306286,0.9388460516929626,0.023109368979930878
overpass/overpass731.jpg,overpass,overpass,True,0.9201655983924866,0.024357082322239876,0.03159204497933388,0.9201655983924866,0.023885317146778107
overpass/overpass732.jpg,overpass,overpass,True,0.9026796221733093,0.04667026549577713,0.021876566112041473,0.9026796221733093,0.028773557394742966
overpass/overpass733.jpg,overpass,overpass,True,0.9142069816589355,0.03417712450027466,0.019093608483672142,0.9142069816589355,0.0325222946703434
overpass/overpass734.jpg,overpass,overpass,True,0.9168642163276672,0.0323018953204155,0.020444536581635475,0.9168642163276672,0.03038925863802433
overpass/overpass735.jpg,overpass,overpass,True,0.9294595122337341,0.024966374039649963,0.019591109827160835,0.9294595122337341,0.02598297968506813
overpass/overpass736.jpg,overpass,overpass,True,0.9082493185997009,0.026707153767347336,0.029381927102804184,0.9082493185997009,0.03566158190369606
overpass/overpass737.jpg,overpass,overpass,True,0.8436710834503174,0.07603476941585541,0.02717234194278717,0.8436710834503174,0.05312174931168556
overpass/overpass738.jpg,overpass,overpass,True,0.9126205444335938,0.03322748467326164,0.022222870960831642,0.9126205444335938,0.03192907199263573
overpass/overpass739.jpg,overpass,overpass,True,0.9176616072654724,0.03106376715004444,0.02293667197227478,0.9176616072654724,0.028337908908724785
overpass/overpass740.jpg,overpass,overpass,True,0.9088780283927917,0.03215106576681137,0.019635768607258797,0.9088780283927917,0.039335161447525024
overpass/overpass741.jpg,overpass,overpass,True,0.911872923374176,0.02873777225613594,0.0231272391974926,0.911872923374176,0.036262061446905136
overpass/overpass742.jpg,overpass,overpass,True,0.8985879421234131,0.03443151339888573,0.02280135452747345,0.8985879421234131,0.044179223477840424
overpass/overpass743.jpg,overpass,overpass,True,0.8849464058876038,0.03764014691114426,0.025261875241994858,0.8849464058876038,0.052151523530483246
overpass/overpass744.jpg,overpass,overpass,True,0.9306026697158813,0.014504795894026756,0.022950340062379837,0.9306026697158813,0.03194215148687363
overpass/overpass745.jpg,overpass,overpass,True,0.9428316354751587,0.014324944466352463,0.020720774307847023,0.9428316354751587,0.022122720256447792
overpass/overpass746.jpg,overpass,overpass,True,0.8942385911941528,0.036691635847091675,0.028658289462327957,0.8942385911941528,0.04041152447462082
overpass/overpass747.jpg,overpass,overpass,True,0.8928372859954834,0.03275664895772934,0.02419671043753624,0.8928372859954834,0.05020945146679878
overpass/overpass748.jpg,overpass,overpass,True,0.9168640971183777,0.02796817757189274,0.022066153585910797,0.9168640971183777,0.03310151770710945
overpass/overpass749.jpg,overpass,overpass,True,0.9164909720420837,0.02868371643126011,0.024690939113497734,0.9164909720420837,0.03013443574309349
overpass/overpass750.jpg,overpass,overpass,True,0.9156885147094727,0.018728580325841904,0.023494919762015343,0.9156885147094727,0.04208793863654137
overpass/overpass751.jpg,overpass,overpass,True,0.9194799661636353,0.023171165958046913,0.0293833427131176,0.9194799661636353,0.02796546369791031
overpass/overpass752.jpg,overpass,overpass,True,0.9285485744476318,0.013786440715193748,0.029910922050476074,0.9285485744476318,0.027754079550504684
overpass/overpass753.jpg,overpass,overpass,True,0.9211587905883789,0.016792425885796547,0.02790761925280094,0.9211587905883789,0.0341411717236042
overpass/overpass754.jpg,overpass,overpass,True,0.9172074794769287,0.027749788016080856,0.024170704185962677,0.9172074794769287,0.030872050672769547
overpass/overpass755.jpg,overpass,overpass,True,0.9315320253372192,0.018945299088954926,0.0270564965903759,0.9315320253372192,0.022466197609901428
overpass/overpass756.jpg,overpass,overpass,True,0.9429949522018433,0.013871230185031891,0.020758863538503647,0.9429949522018433,0.022374970838427544
overpass/overpass757.jpg,overpass,overpass,True,0.932976245880127,0.016437608748674393,0.026065530255436897,0.932976245880127,0.024520497769117355
overpass/overpass758.jpg,overpass,overpass,True,0.9520836472511292,0.008074735291302204,0.01797264814376831,0.9520836472511292,0.021868996322155
overpass/overpass759.jpg,overpass,overpass,True,0.9449068307876587,0.00883298646658659,0.019026242196559906,0.9449068307876587,0.027233988046646118
overpass/overpass760.jpg,overpass,overpass,True,0.8102001547813416,0.09244242310523987,0.04299710690975189,0.8102001547813416,0.0543602854013443
overpass/overpass761.jpg,overpass,overpass,True,0.9317590594291687,0.013314907439053059,0.022950557991862297,0.9317590594291687,0.03197554126381874
overpass/overpass762.jpg,overpass,overpass,True,0.9395732879638672,0.015005441382527351,0.019490109756588936,0.9395732879638672,0.02593115158379078
overpass/overpass763.jpg,overpass,overpass,True,0.9284183382987976,0.021719500422477722,0.0191061869263649,0.9284183382987976,0.030756011605262756
overpass/overpass764.jpg,overpass,overpass,True,0.9134308099746704,0.027883805334568024,0.025483878329396248,0.9134308099746704,0.03320148214697838
overpass/overpass765.jpg,overpass,overpass,True,0.9331961870193481,0.02018304169178009,0.01914319396018982,0.9331961870193481,0.027477597817778587
overpass/overpass766.jpg,overpass,overpass,True,0.8647428154945374,0.023247217759490013,0.06305226683616638,0.8647428154945374,0.04895768687129021
overpass/overpass767.jpg,overpass,overpass,True,0.8807312846183777,0.03361209109425545,0.047697763890028,0.8807312846183777,0.03795883432030678
overpass/overpass768.jpg,overpass,overpass,True,0.8473801016807556,0.03541617840528488,0.08155911415815353,0.8473801016807556,0.03564458340406418
overpass/overpass769.jpg,overpass,overpass,True,0.9062044620513916,0.010503366589546204,0.030707480385899544,0.9062044620513916,0.05258464440703392
overpass/overpass770.jpg,overpass,overpass,True,0.9364717602729797,0.012040502391755581,0.022473713383078575,0.9364717602729797,0.02901402674615383
overpass/overpass771.jpg,overpass,overpass,True,0.9190837740898132,0.026359742507338524,0.030613278970122337,0.9190837740898132,0.023943182080984116
overpass/overpass772.jpg,overpass,overpass,True,0.9337975978851318,0.022624628618359566,0.02304176427423954,0.9337975978851318,0.020536035299301147
overpass/overpass773.jpg,overpass,overpass,True,0.9209616780281067,0.024871258065104485,0.02687373384833336,0.9209616780281067,0.027293294668197632
overpass/overpass774.jpg,overpass,overpass,True,0.9160659909248352,0.03294353187084198,0.023149607703089714,0.9160659909248352,0.027840815484523773
overpass/overpass775.jpg,overpass,overpass,True,0.9227985739707947,0.021254904568195343,0.02884029410779476,0.9227985739707947,0.027106251567602158
overpass/overpass776.jpg,overpass,overpass,True,0.8846296072006226,0.03344763442873955,0.04836682975292206,0.8846296072006226,0.03355589136481285
overpass/overpass777.jpg,overpass,overpass,True,0.9524427652359009,0.013074623420834541,0.020950978621840477,0.9524427652359009,0.013531655073165894
overpass/overpass778.jpg,overpass,overpass,True,0.8674669861793518,0.04681002348661423,0.04946190491318703,0.8674669861793518,0.036261025816202164
overpass/overpass779.jpg,overpass,overpass,True,0.9018459916114807,0.02889900654554367,0.03859508037567139,0.9018459916114807,0.030659860000014305
overpass/overpass780.jpg,overpass,overpass,True,0.9038689732551575,0.04088149219751358,0.018099147826433182,0.9038689732551575,0.037150412797927856
overpass/overpass781.jpg,overpass,overpass,True,0.9266853928565979,0.024518972262740135,0.01664971001446247,0.9266853928565979,0.03214593604207039
overpass/overpass782.jpg,overpass,overpass,True,0.9017316102981567,0.031766749918460846,0.019502485170960426,0.9017316102981567,0.04699922353029251
overpass/overpass783.jpg,overpass,overpass,True,0.8760855197906494,0.05221308022737503,0.020454879850149155,0.8760855197906494,0.051246583461761475
overpass/overpass784.jpg,overpass,overpass,True,0.8725650906562805,0.049925513565540314,0.02032160386443138,0.8725650906562805,0.057187773287296295
overpass/overpass785.jpg,overpass,overpass,True,0.9090525507926941,0.030012097209692,0.017141716554760933,0.9090525507926941,0.043793607503175735
overpass/overpass786.jpg,overpass,overpass,True,0.931378960609436,0.020321836695075035,0.014534709975123405,0.931378960609436,0.03376442939043045
overpass/overpass787.jpg,overpass,overpass,True,0.9368488192558289,0.017879946157336235,0.014943462796509266,0.9368488192558289,0.030327757820487022
overpass/overpass788.jpg,overpass,overpass,True,0.9369264841079712,0.02385537698864937,0.014245308004319668,0.9369264841079712,0.024972863495349884
overpass/overpass789.jpg,overpass,overpass,True,0.9318020939826965,0.02106170915067196,0.023826096206903458,0.9318020939826965,0.02331015281379223
overpass/overpass790.jpg,overpass,overpass,True,0.9511284828186035,0.01273605227470398,0.01742684096097946,0.9511284828186035,0.018708648160099983
overpass/overpass791.jpg,overpass,overpass,True,0.8627006411552429,0.05121641606092453,0.054509710520505905,0.8627006411552429,0.03157315403223038
overpass/overpass792.jpg,overpass,overpass,True,0.8690230250358582,0.041306477040052414,0.04722357168793678,0.8690230250358582,0.04244697093963623
overpass/overpass793.jpg,overpass,overpass,True,0.9216985702514648,0.03680117800831795,0.015787051990628242,0.9216985702514648,0.025713128969073296
overpass/overpass794.jpg,overpass,overpass,True,0.8846300840377808,0.049478914588689804,0.020596301183104515,0.8846300840377808,0.04529479518532753
overpass/overpass795.jpg,overpass,overpass,True,0.9122945666313171,0.03470144048333168,0.0213830154389143,0.9122945666313171,0.031621020287275314
overpass/overpass796.jpg,overpass,overpass,True,0.9044768810272217,0.03463687747716904,0.02704215981066227,0.9044768810272217,0.03384403511881828
overpass/overpass797.jpg,overpass,overpass,True,0.7829986810684204,0.04753168672323227,0.08203056454658508,0.7829986810684204,0.08743903785943985
overpass/overpass798.jpg,overpass,overpass,True,0.8461460471153259,0.01723415218293667,0.11743399500846863,0.8461460471153259,0.019185755401849747
overpass/overpass799.jpg,overpass,overpass,True,0.9051258563995361,0.03189963847398758,0.02528761699795723,0.9051258563995361,0.037686847150325775
overpass/overpass800.jpg,overpass,overpass,True,0.9349591732025146,0.021129274740815163,0.02619660459458828,0.9349591732025146,0.017714889720082283
railway/railway701.jpg,railway,railway,True,0.9117202162742615,0.015314443036913872,0.02903437428176403,0.04393099993467331,0.9117202162742615
railway/railway702.jpg,railway,railway,True,0.9579364061355591,0.008662404492497444,0.011809688061475754,0.021591484546661377,0.9579364061355591
railway/railway703.jpg,railway,railway,True,0.9355031251907349,0.01029601227492094,0.03178465738892555,0.022416140884160995,0.9355031251907349
railway/railway704.jpg,railway,railway,True,0.9479595422744751,0.011822628788650036,0.019534483551979065,0.02068333886563778,0.9479595422744751
railway/railway705.jpg,railway,railway,True,0.9486308693885803,0.008335700258612633,0.010615288279950619,0.032418135553598404,0.9486308693885803
railway/railway706.jpg,railway,railway,True,0.9714028835296631,0.007303751073777676,0.008113936521112919,0.013179422356188297,0.9714028835296631
railway/railway707.jpg,railway,railway,True,0.9439870715141296,0.02294660359621048,0.015119110234081745,0.017947250977158546,0.9439870715141296
railway/railway708.jpg,railway,railway,True,0.9436256885528564,0.01767534576356411,0.014711782336235046,0.023987187072634697,0.9436256885528564
railway/railway709.jpg,railway,railway,True,0.9569656848907471,0.014150090515613556,0.012846898287534714,0.016037389636039734,0.9569656848907471
railway/railway710.jpg,railway,railway,True,0.7607353925704956,0.027414727956056595,0.03710271790623665,0.17474712431430817,0.7607353925704956
railway/railway711.jpg,railway,railway,True,0.9455671906471252,0.014866398647427559,0.019228054210543633,0.020338337868452072,0.9455671906471252
railway/railway712.jpg,railway,railway,True,0.9284212589263916,0.01943695917725563,0.01912880688905716,0.03301304951310158,0.9284212589263916
railway/railway713.jpg,railway,railway,True,0.9543989896774292,0.01788279041647911,0.0171803031116724,0.010537895374000072,0.9543989896774292
railway/railway714.jpg,railway,railway,True,0.8429042100906372,0.04209999740123749,0.028090136125683784,0.0869055986404419,0.8429042100906372
railway/railway715.jpg,railway,railway,True,0.965362012386322,0.014797340147197247,0.01005280390381813,0.009787779301404953,0.965362012386322
railway/railway716.jpg,railway,railway,True,0.9578413367271423,0.017450500279664993,0.012887731194496155,0.011820413172245026,0.9578413367271423
railway/railway717.jpg,railway,railway,True,0.9249641299247742,0.013809850439429283,0.02049204893410206,0.040733952075242996,0.9249641299247742
railway/railway718.jpg,railway,railway,True,0.9664450883865356,0.010501261800527573,0.012281574308872223,0.010772058740258217,0.9664450883865356
railway/railway719.jpg,railway,railway,True,0.9772522449493408,0.007835200056433678,0.007072129286825657,0.007840416394174099,0.9772522449493408
railway/railway720.jpg,railway,railway,True,0.9356942176818848,0.008722717873752117,0.02245996706187725,0.03312315419316292,0.9356942176818848
railway/railway721.jpg,railway,railway,True,0.964531421661377,0.010646374896168709,0.011858283542096615,0.012963935732841492,0.964531421661377
railway/railway722.jpg,railway,railway,True,0.9331014156341553,0.01062759943306446,0.020180724561214447,0.0360901840031147,0.9331014156341553
railway/railway723.jpg,railway,railway,True,0.9611143469810486,0.016024231910705566,0.012249357998371124,0.01061205379664898,0.9611143469810486
railway/railway724.jpg,railway,railway,True,0.9706624746322632,0.011007409542798996,0.00920435693114996,0.009125781245529652,0.9706624746322632
railway/railway725.jpg,railway,railway,True,0.957425594329834,0.020406518131494522,0.009120400995016098,0.013047488406300545,0.957425594329834
railway/railway726.jpg,railway,railway,True,0.9606642723083496,0.018596239387989044,0.01100139319896698,0.009738058783113956,0.9606642723083496
railway/railway727.jpg,railway,railway,True,0.962312638759613,0.013138077221810818,0.012140316888689995,0.01240901742130518,0.962312638759613
railway/railway728.jpg,railway,railway,True,0.9686957597732544,0.010456881485879421,0.011575275100767612,0.009272034280002117,0.9686957597732544
railway/railway729.jpg,railway,railway,True,0.9294092655181885,0.027588466182351112,0.018164940178394318,0.024837400764226913,0.9294092655181885
railway/railway730.jpg,railway,railway,True,0.9191994667053223,0.03816428780555725,0.013944260776042938,0.028691928833723068,0.9191994667053223
railway/railway731.jpg,railway,railway,True,0.7783529758453369,0.12709090113639832,0.05223758891224861,0.04231853038072586,0.7783529758453369
railway/railway732.jpg,railway,railway,True,0.9157946705818176,0.037007492035627365,0.026268376037478447,0.020929396152496338,0.9157946705818176
railway/railway733.jpg,railway,railway,True,0.9668129682540894,0.01165251899510622,0.013257773593068123,0.008276685141026974,0.9668129682540894
railway/railway734.jpg,railway,railway,True,0.9616177678108215,0.011633855290710926,0.013595926575362682,0.013152520172297955,0.9616177678108215
railway/railway735.jpg,railway,railway,True,0.9370653629302979,0.01783035136759281,0.022255543619394302,0.022848816588521004,0.9370653629302979
railway/railway736.jpg,railway,railway,True,0.8649082183837891,0.06976761668920517,0.039953336119651794,0.02537079155445099,0.8649082183837891
railway/railway737.jpg,railway,railway,True,0.9463273286819458,0.009671108797192574,0.018814194947481155,0.025187404826283455,0.9463273286819458
railway/railway738.jpg,railway,railway,True,0.8378511071205139,0.08870632946491241,0.04837033525109291,0.025072207674384117,0.8378511071205139
railway/railway739.jpg,railway,railway,True,0.9526323676109314,0.013513370417058468,0.015055971220135689,0.01879827491939068,0.9526323676109314
railway/railway740.jpg,railway,railway,True,0.933712363243103,0.02865443378686905,0.022816436365246773,0.014816777780652046,0.933712363243103
railway/railway741.jpg,railway,railway,True,0.9380943179130554,0.029158620163798332,0.0159218218177557,0.01682531274855137,0.9380943179130554
railway/railway742.jpg,railway,railway,True,0.9153035879135132,0.03444954752922058,0.017629506066441536,0.03261735662817955,0.9153035879135132
railway/railway743.jpg,railway,railway,True,0.9395856857299805,0.014088207855820656,0.017864316701889038,0.02846175990998745,0.9395856857299805
railway/railway744.jpg,railway,railway,True,0.9671559929847717,0.007845349609851837,0.012821809388697147,0.012176879681646824,0.9671559929847717
railway/railway745.jpg,railway,railway,True,0.9703958034515381,0.005473214667290449,0.013924664817750454,0.01020633801817894,0.9703958034515381
railway/railway746.jpg,railway,railway,True,0.9570591449737549,0.008831500075757504,0.013889158144593239,0.020220231264829636,0.9570591449737549
railway/railway747.jpg,railway,railway,True,0.9420352578163147,0.012360560707747936,0.024132095277309418,0.0214721467345953,0.9420352578163147
railway/railway748.jpg,railway,railway,True,0.9116081595420837,0.02704273723065853,0.0299823060631752,0.031366825103759766,0.9116081595420837
railway/railway749.jpg,railway,railway,True,0.9458733201026917,0.016235189512372017,0.018504813313484192,0.019386740401387215,0.9458733201026917
railway/railway750.jpg,railway,railway,True,0.9626415967941284,0.006921113934367895,0.011730276048183441,0.018707020208239555,0.9626415967941284
railway/railway751.jpg,railway,railway,True,0.9545800685882568,0.01661655679345131,0.012180289253592491,0.016623079776763916,0.9545800685882568
railway/railway752.jpg,railway,railway,True,0.979337215423584,0.005191737785935402,0.00818118266761303,0.007289836183190346,0.979337215423584
railway/railway753.jpg,railway,railway,True,0.9713582396507263,0.006161199416965246,0.010321645997464657,0.012158913537859917,0.9713582396507263
railway/railway754.jpg,railway,railway,True,0.9446264505386353,0.01362562645226717,0.01825360208749771,0.02349434606730938,0.9446264505386353
railway/railway755.jpg,railway,railway,True,0.944422721862793,0.017145907506346703,0.01948186755180359,0.018949544057250023,0.944422721862793
railway/railway756.jpg,railway,railway,True,0.9625071883201599,0.007305690087378025,0.015836486592888832,0.014350644312798977,0.9625071883201599
railway/railway757.jpg,railway,railway,True,0.9542785882949829,0.0145785603672266,0.017785726115107536,0.013357101008296013,0.9542785882949829
railway/railway758.jpg,railway,railway,True,0.9639535546302795,0.008599353022873402,0.0138262789696455,0.013620843179523945,0.9639535546302795
railway/railway759.jpg,railway,railway,True,0.943823516368866,0.007951129227876663,0.02108726091682911,0.0271381214261055,0.943823516368866
railway/railway760.jpg,railway,railway,True,0.8461320996284485,0.07951241731643677,0.04310101643204689,0.03125447779893875,0.8461320996284485
railway/railway761.jpg,railway,railway,True,0.9374869465827942,0.018119191750884056,0.02217155322432518,0.022222336381673813,0.9374869465827942
railway/railway762.jpg,railway,railway,True,0.9486449956893921,0.015031430870294571,0.017741385847330093,0.018582168966531754,0.9486449956893921
railway/railway763.jpg,railway,railway,True,0.9544968605041504,0.008669620379805565,0.020834432914853096,0.015999052673578262,0.9544968605041504
railway/railway764.jpg,railway,railway,True,0.9540248513221741,0.013508953154087067,0.01622910425066948,0.016237102448940277,0.9540248513221741
railway/railway765.jpg,railway,railway,True,0.9656862020492554,0.006157188210636377,0.014687368646264076,0.013469233177602291,0.9656862020492554
railway/railway766.jpg,railway,railway,True,0.9646866321563721,0.007922912947833538,0.013824442401528358,0.013566046953201294,0.9646866321563721
railway/railway767.jpg,railway,railway,True,0.9421084523200989,0.013628928922116756,0.030288919806480408,0.013973668217658997,0.9421084523200989
railway/railway768.jpg,railway,railway,True,0.9224949479103088,0.01612921617925167,0.026831017807126045,0.034544799476861954,0.9224949479103088
railway/railway769.jpg,railway,railway,True,0.8562071323394775,0.025341495871543884,0.060353513807058334,0.05809786543250084,0.8562071323394775
railway/railway770.jpg,railway,railway,True,0.9596537351608276,0.012594353407621384,0.014033358544111252,0.013718534260988235,0.9596537351608276
railway/railway771.jpg,railway,railway,True,0.9399266242980957,0.011716309003531933,0.01770605333149433,0.030651064589619637,0.9399266242980957
railway/railway772.jpg,railway,railway,True,0.9265738129615784,0.017241058871150017,0.025114400312304497,0.03107076697051525,0.9265738129615784
railway/railway773.jpg,railway,railway,True,0.9545097947120667,0.009505617432296276,0.016396760940551758,0.019587785005569458,0.9545097947120667
railway/railway774.jpg,railway,railway,True,0.9506549835205078,0.009123728610575199,0.02349737286567688,0.016723869368433952,0.9506549835205078
railway/railway775.jpg,railway,railway,True,0.9377554655075073,0.01289962325245142,0.028444329276680946,0.02090054750442505,0.9377554655075073
railway/railway776.jpg,railway,railway,True,0.9709233641624451,0.004151882603764534,0.010655434802174568,0.01426930632442236,0.9709233641624451
railway/railway777.jpg,railway,railway,True,0.9242039918899536,0.014954864978790283,0.027559610083699226,0.033281464129686356,0.9242039918899536
railway/railway778.jpg,railway,railway,True,0.9577987194061279,0.008036511950194836,0.015290581621229649,0.018874231725931168,0.9577987194061279
railway/railway779.jpg,railway,railway,True,0.9132821559906006,0.03939596936106682,0.0230003260076046,0.024321598932147026,0.9132821559906006
railway/railway780.jpg,railway,railway,True,0.9618428945541382,0.0095718614757061,0.01748739182949066,0.01109787356108427,0.9618428945541382
railway/railway781.jpg,railway,railway,True,0.9477115273475647,0.0197277944535017,0.012919283472001553,0.01964138261973858,0.9477115273475647
railway/railway782.jpg,railway,railway,True,0.9616993069648743,0.012303042225539684,0.011766068637371063,0.014231528155505657,0.9616993069648743
railway/railway783.jpg,railway,railway,True,0.9536998271942139,0.015621720813214779,0.014868837781250477,0.015809640288352966,0.9536998271942139
railway/railway784.jpg,railway,railway,True,0.9536470174789429,0.014754527248442173,0.015759263187646866,0.015839196741580963,0.9536470174789429
railway/railway785.jpg,railway,railway,True,0.8510682582855225,0.07374798506498337,0.03762931376695633,0.03755440190434456,0.8510682582855225
railway/railway786.jpg,railway,railway,True,0.9626339673995972,0.010394617915153503,0.014956063590943813,0.012015328742563725,0.9626339673995972
railway/railway787.jpg,railway,railway,True,0.9688318371772766,0.010544081218540668,0.01035257801413536,0.010271512903273106,0.9688318371772766
railway/railway788.jpg,railway,railway,True,0.9687542915344238,0.007901369594037533,0.013591553084552288,0.00975276529788971,0.9687542915344238
railway/railway789.jpg,railway,railway,True,0.9681549072265625,0.009717939421534538,0.0104488804936409,0.011678292416036129,0.9681549072265625
railway/railway790.jpg,railway,railway,True,0.962604820728302,0.009868485853075981,0.01579638570547104,0.011730282567441463,0.962604820728302
railway/railway791.jpg,railway,railway,True,0.9634542465209961,0.008901168592274189,0.013336176984012127,0.01430840790271759,0.9634542465209961
railway/railway792.jpg,railway,railway,True,0.7390605807304382,0.190508633852005,0.03723227605223656,0.03319849073886871,0.7390605807304382
railway/railway793.jpg,railway,railway,True,0.9402322173118591,0.018094824627041817,0.021674292162060738,0.019998613744974136,0.9402322173118591
railway/railway794.jpg,railway,railway,True,0.9666194915771484,0.009208403527736664,0.01010381244122982,0.014068307355046272,0.9666194915771484
railway/railway795.jpg,railway,railway,True,0.9181752800941467,0.024954956024885178,0.0290115624666214,0.027858205139636993,0.9181752800941467
railway/railway796.jpg,railway,railway,True,0.9565155506134033,0.013513920828700066,0.01781436987221241,0.012156150303781033,0.9565155506134033
railway/railway797.jpg,railway,railway,True,0.9546429514884949,0.013667222112417221,0.018995441496372223,0.012694330886006355,0.9546429514884949
railway/railway798.jpg,railway,railway,True,0.9659084677696228,0.012269296683371067,0.011497776955366135,0.010324500501155853,0.9659084677696228
railway/railway799.jpg,railway,railway,True,0.9548745155334473,0.01462609227746725,0.016118232160806656,0.014381185173988342,0.9548745155334473
railway/railway800.jpg,railway,railway,True,0.950928270816803,0.016152072697877884,0.015063256025314331,0.017856411635875702,0.950928270816803
