image_path,true_label,predicted_label,correct,confidence,prob_bridge,prob_freeway,prob_overpass,prob_railway
bridge/bridge701.jpg,bridge,bridge,True,0.9321065712557915,0.9321065712557915,0.0159456262915676,0.02175317200746675,0.030194630445174224
bridge/bridge702.jpg,bridge,bridge,True,0.9340033429753497,0.9340033429753497,0.015031406110169343,0.02250468324620584,0.028460567668275098
bridge/bridge703.jpg,bridge,bridge,True,0.9305375697999674,0.9305375697999674,0.015691470325567707,0.025916424587593554,0.027854535286871537
bridge/bridge704.jpg,bridge,bridge,True,0.9330395920319362,0.9330395920319362,0.015730703888821286,0.025819947046332645,0.025409757032909798
bridge/bridge705.jpg,bridge,bridge,True,0.9327339843401334,0.9327339843401334,0.01614876347556774,0.02652817774518876,0.02458907443911
bridge/bridge706.jpg,bridge,bridge,True,0.9275100145916816,0.9275100145916816,0.016588922724119017,0.027481443332773758,0.028419619351425635
bridge/bridge707.jpg,bridge,bridge,True,0.921236882518723,0.921236882518723,0.015854059421532726,0.027090398575976393,0.03581865948376772
bridge/bridge708.jpg,bridge,bridge,True,0.9367036283380834,0.9367036283380834,0.016832717147217763,0.01779983616017359,0.028663818354525118
bridge/bridge709.jpg,bridge,bridge,True,0.9346541061140443,0.9346541061140443,0.01697863600670288,0.023137642438620955,0.025229615440631674
bridge/bridge710.jpg,bridge,bridge,True,0.9361142779062519,0.9361142779062519,0.01597234162972404,0.022605248529496347,0.025308131934527807
bridge/bridge711.jpg,bridge,bridge,True,0.9348032796704835,0.9348032796704835,0.015679287626443467,0.01982822582248271,0.029689206880590284
bridge/bridge712.jpg,bridge,bridge,True,0.9364107729048078,0.9364107729048078,0.01695057899664928,0.015861932997931535,0.030776715100611366
bridge/bridge713.jpg,bridge,bridge,True,0.9342675820489305,0.9342675820489305,0.017773348356764324,0.015040823411266162,0.03291824618303897
bridge/bridge714.jpg,bridge,bridge,True,0.9309143330447023,0.9309143330447023,0.01647045142567806,0.014305171105940068,0.03831004442367961
bridge/bridge715.jpg,bridge,bridge,True,0.9294420279379626,0.9294420279379626,0.018292323043505723,0.0158831284062803,0.036382520612251466
bridge/bridge716.jpg,bridge,bridge,True,0.9564258997075806,0.9564258997075806,0.012902351136759806,0.012589269326885774,0.01808247982877365
bridge/bridge717.jpg,bridge,bridge,True,0.9555363510550262,0.9555363510550262,0.013168979146743108,0.012870555699913928,0.018424114098316676
bridge/bridge718.jpg,bridge,bridge,True,0.9532527775262539,0.9532527775262539,0.013466968314636008,0.01382067818103335,0.019459575978076796
bridge/bridge719.jpg,bridge,bridge,True,0.9557622043732062,0.9557622043732062,0.013683775059587979,0.014345411927950134,0.016208608639255506
bridge/bridge720.jpg,bridge,bridge,True,0.9496517821027998,0.9496517821027998,0.015030366313366354,0.01562573799223115,0.019692113591602813
bridge/bridge721.jpg,bridge,bridge,True,0.924257167334078,0.924257167334078,0.01644347393914032,0.02160461702256221,0.037694741704219506
bridge/bridge722.jpg,bridge,bridge,True,0.9169362128393159,0.9169362128393159,0.01851325521061111,0.02268263863549877,0.041867893314574224
bridge/bridge723.jpg,bridge,bridge,True,0.9078472403188949,0.9078472403188949,0.019387239060505827,0.02113276593807545,0.05163275468252392
bridge/bridge724.jpg,bridge,bridge,True,0.9124342704521726,0.9124342704521726,0.019743301472598566,0.02056429720478666,0.047258130870442075
bridge/bridge725.jpg,bridge,bridge,True,0.9125843851950396,0.9125843851950396,0.019210205380026543,0.02324138247860164,0.044964026946332086
bridge/bridge726.jpg,bridge,bridge,True,0.9220161674576346,0.9220161674576346,0.017191557199820885,0.026525614687502492,0.034266660655041956
bridge/bridge727.jpg,bridge,bridge,True,0.9219207380952806,0.9219207380952806,0.016133991783397857,0.026880823514506245,0.03506444660681528
bridge/bridge728.jpg,bridge,bridge,True,0.9210983756317453,0.9210983756317453,0.018037031033781268,0.0239025911266431,0.036962002207830275
bridge/bridge729.jpg,bridge,bridge,True,0.9240624627024588,0.9240624627024588,0.016669359268571084,0.02444107390241706,0.034827104126553134
bridge/bridge730.jpg,bridge,bridge,True,0.9205993525020355,0.9205993525020355,0.016012381144932444,0.02669712329996733,0.03669114305306456
bridge/bridge731.jpg,bridge,bridge,True,0.9256554540794022,0.9256554540794022,0.016840103997879115,0.024452201071456226,0.033052240851262446
bridge/bridge732.jpg,bridge,bridge,True,0.9245311773853766,0.9245311773853766,0.016669287527680016,0.018442295676393546,0.04035723941054984
bridge/bridge733.jpg,bridge,bridge,True,0.9305777432791359,0.9305777432791359,0.016671767789305892,0.01814799803706535,0.03460249089449295
bridge/bridge734.jpg,bridge,bridge,True,0.9289984923187692,0.9289984923187692,0.016710151198653905,0.017730911731520048,0.03656044475105689
bridge/bridge735.jpg,bridge,bridge,True,0.931733366939744,0.931733366939744,0.01694203493938742,0.01805497224420334,0.03326962587666523
bridge/bridge736.jpg,bridge,bridge,True,0.9277919408483339,0.9277919408483339,0.01650555244120635,0.019069672018522475,0.03663283469193732
bridge/bridge737.jpg,bridge,bridge,True,0.9256372235013837,0.9256372235013837,0.01632206588106565,0.01895231163681781,0.03908839898073286
bridge/bridge738.jpg,bridge,bridge,True,0.9234914117240244,0.9234914117240244,0.01580594305440719,0.023262361317121467,0.03744028390444707
bridge/bridge739.jpg,bridge,bridge,True,0.9202338567930172,0.9202338567930172,0.01568982062054628,0.02300288936019181,0.0410734332262448
bridge/bridge740.jpg,bridge,bridge,True,0.9189992120237231,0.9189992120237231,0.01422407567335468,0.023624710955056034,0.04315200134786622
bridge/bridge741.jpg,bridge,bridge,True,0.9278078581517667,0.9278078581517667,0.014268231202743715,0.023128636218318104,0.034795274427171445
bridge/bridge742.jpg,bridge,bridge,True,0.9282745452580946,0.9282745452580946,0.013704608602990189,0.02318128978699035,0.0348395563519249
bridge/bridge743.jpg,bridge,bridge,True,0.92683810543205,0.92683810543205,0.014296905899888907,0.02028296283089466,0.0385820258371663
bridge/bridge744.jpg,bridge,bridge,True,0.8966970465752061,0.8966970465752061,0.013594026046809154,0.07345983342685788,0.01624909395112696
bridge/bridge745.jpg,bridge,bridge,True,0.9220079240577004,0.9220079240577004,0.011862963221324938,0.04874196796526436,0.017387144755710442
bridge/bridge746.jpg,bridge,bridge,True,0.9196292777462277,0.9196292777462277,0.05314886182518061,0.015377647565102553,0.011844212863489117
bridge/bridge747.jpg,bridge,bridge,True,0.8637445078412539,0.8637445078412539,0.014252040713689684,0.10386621590769318,0.01813723553736315
bridge/bridge748.jpg,bridge,bridge,True,0.8273480488605475,0.8273480488605475,0.012608640435664705,0.1430913274176858,0.016951983286102056
bridge/bridge749.jpg,bridge,bridge,True,0.8798031285624455,0.8798031285624455,0.012259977046602444,0.07883358808237786,0.029103306308574117
bridge/bridge750.jpg,bridge,bridge,True,0.8322365099991955,0.8322365099991955,0.020459962218933776,0.10743172382286648,0.039871803959004165
bridge/bridge751.jpg,bridge,overpass,False,0.7607913240088875,0.20043453469761147,0.024485301912527183,0.7607913240088875,0.014288839380973913
bridge/bridge752.jpg,bridge,bridge,True,0.9417568121309495,0.9417568121309495,0.01870448923234095,0.02481310228478575,0.014725596351923775
bridge/bridge753.jpg,bridge,bridge,True,0.9403929887650658,0.9403929887650658,0.01991643718661979,0.025031573165390463,0.014659000882923854
bridge/bridge754.jpg,bridge,bridge,True,0.9377973113287659,0.9377973113287659,0.02033363066642806,0.024530732030154635,0.017338325974651403
bridge/bridge755.jpg,bridge,bridge,True,0.9357448770572794,0.9357448770572794,0.02024299142862565,0.02584505556057533,0.018167075953519598
bridge/bridge756.jpg,bridge,bridge,True,0.9231110648583873,0.9231110648583873,0.010539227780365196,0.04887205392128961,0.017477653439957896
bridge/bridge757.jpg,bridge,bridge,True,0.9237596868847328,0.9237596868847328,0.010281739318363408,0.048251158945916944,0.017707414850986817
bridge/bridge758.jpg,bridge,bridge,True,0.9190713976300978,0.9190713976300978,0.010472969333798883,0.05366328418187259,0.01679234885423076
bridge/bridge759.jpg,bridge,bridge,True,0.9229261752857768,0.9229261752857768,0.011139206378563275,0.04772735771095766,0.01820726062470241
bridge/bridge760.jpg,bridge,bridge,True,0.9158197284317638,0.9158197284317638,0.011457108960217146,0.05455416727286103,0.01816899533515802
bridge/bridge761.jpg,bridge,bridge,True,0.9137398220403906,0.9137398220403906,0.011411636656896195,0.05784180628164703,0.017006735021066165
bridge/bridge762.jpg,bridge,bridge,True,0.9114887248156415,0.9114887248156415,0.011866588491238027,0.06014606589865803,0.016498620794462394
bridge/bridge763.jpg,bridge,bridge,True,0.9096865453184664,0.9096865453184664,0.01139066678966109,0.062223190492612504,0.016699597399259934
bridge/bridge764.jpg,bridge,bridge,True,0.9123788076405873,0.9123788076405873,0.011812758681771292,0.05841843718168164,0.017389996495959768
bridge/bridge765.jpg,bridge,bridge,True,0.9146829720204313,0.9146829720204313,0.012152819675580216,0.05516613437728437,0.017998073926704067
bridge/bridge766.jpg,bridge,bridge,True,0.9177489772539549,0.9177489772539549,0.012005423819625155,0.05140961390597001,0.018835985020449912
bridge/bridge767.jpg,bridge,bridge,True,0.9205818664605948,0.9205818664605948,0.012891693778630097,0.04824815950451547,0.018278280256259643
bridge/bridge768.jpg,bridge,bridge,True,0.9220172877500187,0.9220172877500187,0.013086899113528092,0.045093094367418055,0.019802718769035225
bridge/bridge769.jpg,bridge,bridge,True,0.9259846716809254,0.9259846716809254,0.013091346455533125,0.04091199493543128,0.020011986928110258
bridge/bridge770.jpg,bridge,bridge,True,0.9175161283388148,0.9175161283388148,0.012015917924462017,0.05258645629651902,0.017881497440204296
bridge/bridge771.jpg,bridge,bridge,True,0.9198973994747544,0.9198973994747544,0.012593892142340692,0.04795728734681078,0.019551421036094196
bridge/bridge772.jpg,bridge,bridge,True,0.9186375421509841,0.9186375421509841,0.012687898009948895,0.04966955807253206,0.019005001766535027
bridge/bridge773.jpg,bridge,bridge,True,0.9208550173139075,0.9208550173139075,0.01270581980713569,0.045832106129951804,0.020607056749005034
bridge/bridge774.jpg,bridge,bridge,True,0.9202731224277362,0.9202731224277362,0.012598289559270705,0.04771377399343067,0.019414814019562562
bridge/bridge775.jpg,bridge,bridge,True,0.9278317179731377,0.9278317179731377,0.010862909649912851,0.033086157793138726,0.028219214583810753
bridge/bridge776.jpg,bridge,bridge,True,0.9260550696700586,0.9260550696700586,0.010902633472128291,0.032110060478343375,0.030932236379470023
bridge/bridge777.jpg,bridge,bridge,True,0.9240530225349789,0.9240530225349789,0.011210732248635176,0.031329204113531725,0.033407041102854244
bridge/bridge778.jpg,bridge,bridge,True,0.9250390347841139,0.9250390347841139,0.01146972163323566,0.03351266567450613,0.029978577908144517
bridge/bridge779.jpg,bridge,bridge,True,0.9260872571100599,0.9260872571100599,0.011343738943210432,0.033117357451796135,0.02945164649493342
bridge/bridge780.jpg,bridge,bridge,True,0.9241338546128335,0.9241338546128335,0.011243524850730742,0.03604578844031867,0.02857683209611717
bridge/bridge781.jpg,bridge,bridge,True,0.9260524653487111,0.9260524653487111,0.010848678536980357,0.03553203210814046,0.02756682400616821
bridge/bridge782.jpg,bridge,bridge,True,0.927035978315597,0.927035978315597,0.01095981455424796,0.03455170348474321,0.027452503645411946
bridge/bridge783.jpg,bridge,bridge,True,0.9263955735266741,0.9263955735266741,0.010824572362667454,0.03654359753317315,0.02623625657748554
bridge/bridge784.jpg,bridge,bridge,True,0.9298504548283508,0.9298504548283508,0.01164423521908533,0.033235994180379896,0.025269315772183755
bridge/bridge785.jpg,bridge,bridge,True,0.9312241200165191,0.9312241200165191,0.012107953600552565,0.03055644840761704,0.02611147797531142
bridge/bridge786.jpg,bridge,bridge,True,0.9317873434201397,0.9317873434201397,0.011716589518935575,0.03082657336785594,0.025669493693068996
bridge/bridge787.jpg,bridge,bridge,True,0.932545014864345,0.932545014864345,0.011915509573101644,0.028605453433686368,0.026934022128866995
bridge/bridge788.jpg,bridge,bridge,True,0.932310707633829,0.932310707633829,0.011983809033516122,0.028519017289358115,0.02718646604329687
bridge/bridge789.jpg,bridge,bridge,True,0.9301697970841973,0.9301697970841973,0.012148447537747157,0.028686695820113135,0.028995059557942213
bridge/bridge790.jpg,bridge,bridge,True,0.9271828479957426,0.9271828479957426,0.012919439071406108,0.029841603305323386,0.030056109627528003
bridge/bridge791.jpg,bridge,bridge,True,0.9251583614998867,0.9251583614998867,0.013259187897453536,0.0317524293380499,0.02983002126460981
bridge/bridge792.jpg,bridge,bridge,True,0.9241065998839811,0.9241065998839811,0.01286641664749926,0.030523802626027483,0.03250318084249217
bridge/bridge793.jpg,bridge,bridge,True,0.8605472900585242,0.8605472900585242,0.015591938581458941,0.11228796482792133,0.011572806532095482
bridge/bridge794.jpg,bridge,bridge,True,0.9247920419219102,0.9247920419219102,0.012943591326323235,0.04836253154221163,0.013901835209554786
bridge/bridge795.jpg,bridge,bridge,True,0.9378138891911599,0.9378138891911599,0.013195004042486285,0.035319029308170206,0.013672077458183572
bridge/bridge796.jpg,bridge,bridge,True,0.9514993123166046,0.9514993123166046,0.012026202227221576,0.022564628163111524,0.0139098572930624
bridge/bridge797.jpg,bridge,bridge,True,0.95593363645192,0.95593363645192,0.011138900103856993,0.01888628697499097,0.014041176469231873
bridge/bridge798.jpg,bridge,bridge,True,0.9578563521810506,0.9578563521810506,0.010877417332016122,0.016768967697358524,0.014497262789574783
bridge/bridge799.jpg,bridge,bridge,True,0.9578689304791115,0.9578689304791115,0.010872084262888479,0.01626806958843251,0.014990915669567432
bridge/bridge800.jpg,bridge,bridge,True,0.9485112609979677,0.9485112609979677,0.01409572915954693,0.02167619488494698,0.015716814957538235
freeway/freeway701.jpg,freeway,freeway,True,0.9523244725978256,0.011698430326705927,0.9523244725978256,0.01752788589023571,0.018449211185232996
freeway/freeway702.jpg,freeway,freeway,True,0.9245246895243912,0.014167711639065751,0.9245246895243912,0.03719880575186144,0.024108793084681612
freeway/freeway703.jpg,freeway,freeway,True,0.9354186697525259,0.01368161649087113,0.9354186697525259,0.024439602408143454,0.02646011134845947
freeway/freeway704.jpg,freeway,freeway,True,0.9205905190995232,0.015482784286250079,0.9205905190995232,0.022108746058683813,0.04181795055554296
freeway/freeway705.jpg,freeway,freeway,True,0.9533943114137695,0.011618400130049396,0.9533943114137695,0.019594116333441925,0.015393172122739253
freeway/freeway706.jpg,freeway,freeway,True,0.9338069966321529,0.01574614025127554,0.9338069966321529,0.018353866193583777,0.032092996922987886
freeway/freeway707.jpg,freeway,freeway,True,0.9311874253789267,0.013716624670897943,0.9311874253789267,0.02319407367530403,0.03190187627487125
freeway/freeway708.jpg,freeway,freeway,True,0.9313700249789614,0.015145414554000335,0.9313700249789614,0.021562465647465584,0.031922094819572845
freeway/freeway709.jpg,freeway,freeway,True,0.9301829890297081,0.012527879809882896,0.9301829890297081,0.03064613006116988,0.026643001099239255
freeway/freeway710.jpg,freeway,freeway,True,0.9445923463164027,0.012267424166305108,0.9445923463164027,0.022753433834425008,0.020386795682867324
freeway/freeway711.jpg,freeway,freeway,True,0.9344236911472183,0.012650275388990507,0.9344236911472183,0.017819889344956243,0.035106144118835066
freeway/freeway712.jpg,freeway,freeway,True,0.9296291034282257,0.013211013873461784,0.9296291034282257,0.0185907546841704,0.03856912801414226
freeway/freeway713.jpg,freeway,freeway,True,0.9441912157509055,0.013008646403260927,0.9441912157509055,0.013141448375343288,0.0296586894704901
freeway/freeway714.jpg,freeway,freeway,True,0.9585115883944842,0.011125935603464834,0.9585115883944842,0.013528286025763985,0.01683418997628701
freeway/freeway715.jpg,freeway,freeway,True,0.9631969601366375,0.010222927042600282,0.9631969601366375,0.012808658293839103,0.01377145452692312
freeway/freeway716.jpg,freeway,freeway,True,0.9479744940251912,0.013730482126823063,0.9479744940251912,0.021292546828811217,0.01700247701917446
freeway/freeway717.jpg,freeway,freeway,True,0.9603099853705253,0.01095692080047161,0.9603099853705253,0.015209329392486662,0.013523764436516414
freeway/freeway718.jpg,freeway,freeway,True,0.9618739073117656,0.010834179703971668,0.9618739073117656,0.013962390448703794,0.013329522535558852
freeway/freeway719.jpg,freeway,freeway,True,0.9596539002408155,0.011320720845691443,0.9596539002408155,0.014420491713569681,0.014604887199923231
freeway/freeway720.jpg,freeway,freeway,True,0.9315636570133864,0.02601419706401347,0.9315636570133864,0.022071273026286545,0.020350872896313536
freeway/freeway721.jpg,freeway,freeway,True,0.9233424968367162,0.03474994138641761,0.9233424968367162,0.020090585859413018,0.021816975917453095
freeway/freeway722.jpg,freeway,freeway,True,0.8908863556058787,0.04673459682485638,0.8908863556058787,0.025988048540299066,0.03639099902896592
freeway/freeway723.jpg,freeway,freeway,True,0.8886169895804941,0.0452604676562336,0.8886169895804941,0.0241152929938124,0.04200724976945999
freeway/freeway724.jpg,freeway,freeway,True,0.8829991559084118,0.04341866700994292,0.8829991559084118,0.02560194979654019,0.047980227285105155
freeway/freeway725.jpg,freeway,freeway,True,0.9086560567733726,0.035898112267006406,0.9086560567733726,0.022008248219725277,0.033437582739895624
freeway/freeway726.jpg,freeway,freeway,True,0.9160377912949011,0.032455195375650385,0.9160377912949011,0.02044943824762528,0.03105757508182315
freeway/freeway727.jpg,freeway,freeway,True,0.9194528149449736,0.029782452760613917,0.9194528149449736,0.020852625335605657,0.02991210695880698
freeway/freeway728.jpg,freeway,freeway,True,0.924217311375305,0.023527806148070964,0.924217311375305,0.023839615983139533,0.028415266493484553
freeway/freeway729.jpg,freeway,freeway,True,0.9222270145531427,0.020220895431389985,0.9222270145531427,0.02801012271927301,0.029541967296194408
freeway/freeway730.jpg,freeway,freeway,True,0.9272047190099233,0.018125129945030394,0.9272047190099233,0.02596374011714488,0.028706410927901473
freeway/freeway731.jpg,freeway,freeway,True,0.9259416395856407,0.01692623456089427,0.9259416395856407,0.027960513073246564,0.029171612780218386
freeway/freeway732.jpg,freeway,freeway,True,0.9247651476022019,0.019955152746847168,0.9247651476022019,0.025004347933771712,0.030275351717179353
freeway/freeway733.jpg,freeway,freeway,True,0.9211727191040728,0.02148389315437359,0.9211727191040728,0.02032966655521016,0.03701372118634341
freeway/freeway734.jpg,freeway,freeway,True,0.8692887696715278,0.03682292076620257,0.8692887696715278,0.056423370130413895,0.03746493943185577
freeway/freeway735.jpg,freeway,freeway,True,0.8802353695410826,0.042775669295043395,0.8802353695410826,0.04123369193406244,0.035755269229811336
freeway/freeway736.jpg,freeway,freeway,True,0.881269165391875,0.051558886805893996,0.881269165391875,0.03438139628750276,0.032790551514728185
freeway/freeway737.jpg,freeway,freeway,True,0.8575180986018616,0.0538903436508864,0.8575180986018616,0.04768863561671923,0.04090292213053291
freeway/freeway738.jpg,freeway,freeway,True,0.9132839165425903,0.025456075379640532,0.9132839165425903,0.03584853104331954,0.025411477034449504
freeway/freeway739.jpg,freeway,freeway,True,0.9224036189019125,0.03168749436971829,0.9224036189019125,0.020148851332931893,0.02576003539543756
freeway/freeway740.jpg,freeway,freeway,True,0.928200652533687,0.030917641878504962,0.928200652533687,0.0145389502953227,0.0263427552924853
freeway/freeway741.jpg,freeway,freeway,True,0.9251194600012155,0.03114194667451186,0.9251194600012155,0.014655423618740487,0.029083169705532135
freeway/freeway742.jpg,freeway,freeway,True,0.9029797218841017,0.053115688848034845,0.9029797218841017,0.01795819891219009,0.025946390355673452
freeway/freeway743.jpg,freeway,freeway,True,0.9081625289774505,0.0408001607724532,0.9081625289774505,0.016882173455368632,0.03415513679472766
freeway/freeway744.jpg,freeway,freeway,True,0.9063888606207393,0.02760539750174027,0.9063888606207393,0.015079475665461434,0.05092626621205889
freeway/freeway745.jpg,freeway,freeway,True,0.9133969597138412,0.02906748385749884,0.9133969597138412,0.021570331245798297,0.035965225182861785
freeway/freeway746.jpg,freeway,freeway,True,0.9412505454270689,0.015180710313746237,0.9412505454270689,0.020976704884532484,0.022592039374652293
freeway/freeway747.jpg,freeway,freeway,True,0.9143692994259738,0.01691145330014367,0.9143692994259738,0.03614980061896593,0.032569446654916796
freeway/freeway748.jpg,freeway,freeway,True,0.9283417575658355,0.014715001684146134,0.9283417575658355,0.03728702520419521,0.019656215545823117
freeway/freeway749.jpg,freeway,freeway,True,0.908607642259801,0.016327901654307614,0.908607642259801,0.052023355044541746,0.023041101041349443
freeway/freeway750.jpg,freeway,freeway,True,0.8936361016563067,0.02501322708228081,0.8936361016563067,0.054285946904719475,0.02706472435669305
freeway/freeway751.jpg,freeway,freeway,True,0.8627174039261823,0.03588309468588019,0.8627174039261823,0.05225862133249324,0.04914088005544411
freeway/freeway752.jpg,freeway,freeway,True,0.9114456251270978,0.03003236800278177,0.9114456251270978,0.02230151209917756,0.03622049477094277
freeway/freeway753.jpg,freeway,freeway,True,0.9272015681741747,0.024081882746842292,0.9272015681741747,0.01995022885904752,0.028766320219935602
freeway/freeway754.jpg,freeway,freeway,True,0.9161947488372697,0.021114369634271355,0.9161947488372697,0.027391561173369036,0.035299320355089855
freeway/freeway755.jpg,freeway,freeway,True,0.9083378857365854,0.020953967534501263,0.9083378857365854,0.030200028981053527,0.04050811774785987
freeway/freeway756.jpg,freeway,freeway,True,0.9214587763634016,0.021864780820143738,0.9214587763634016,0.02705212392258416,0.029624318893870693
freeway/freeway757.jpg,freeway,freeway,True,0.9346554214360066,0.019175834503121,0.9346554214360066,0.02007943526193558,0.026089308798936763
freeway/freeway758.jpg,freeway,freeway,True,0.9255563707241227,0.01892528097044887,0.9255563707241227,0.022381019178131505,0.03313732912729705
freeway/freeway759.jpg,freeway,freeway,True,0.9011737239964118,0.02104963988564806,0.9011737239964118,0.02488152060016837,0.05289511551777181
freeway/freeway760.jpg,freeway,freeway,True,0.9147450056361266,0.024221096666600012,0.9147450056361266,0.03213719497480158,0.028896702722471697
freeway/freeway761.jpg,freeway,freeway,True,0.8881430516514407,0.0442870188055758,0.8881430516514407,0.02897082383047681,0.0385991057125066
freeway/freeway762.jpg,freeway,freeway,True,0.944087439311268,0.013600153670488876,0.944087439311268,0.030532616680753757,0.011779790337489458
freeway/freeway763.jpg,freeway,freeway,True,0.9483765465527086,0.015143576096899812,0.9483765465527086,0.014893108148560428,0.02158676920183129
freeway/freeway764.jpg,freeway,freeway,True,0.8341237351519901,0.02860158670168536,0.8341237351519901,0.09911804593484867,0.038156632211475756
freeway/freeway765.jpg,freeway,freeway,True,0.7125267299131596,0.036739555859915916,0.7125267299131596,0.1218688359176438,0.1288648783092807
freeway/freeway766.jpg,freeway,freeway,True,0.5699624657607033,0.04182770161329512,0.5699624657607033,0.1461992271629582,0.24201060546304343
freeway/freeway767.jpg,freeway,freeway,True,0.6201525505087179,0.04187753130097832,0.6201525505087179,0.11903927221968863,0.2189306459706151
freeway/freeway768.jpg,freeway,freeway,True,0.931714483047585,0.01999617088641738,0.931714483047585,0.028915154011549028,0.019374192054448573
freeway/freeway769.jpg,freeway,freeway,True,0.9319982116115805,0.021072482617671362,0.9319982116115805,0.01843346421726638,0.028495841553481845
freeway/freeway770.jpg,freeway,freeway,True,0.9095138522502454,0.02281715086927453,0.9095138522502454,0.01727770395020953,0.05039129293027064
freeway/freeway771.jpg,freeway,freeway,True,0.9195428412293869,0.022162439451444492,0.9195428412293869,0.029013075482072215,0.029281643837096475
freeway/freeway772.jpg,freeway,freeway,True,0.9420709834237855,0.018954632513301303,0.9420709834237855,0.02022810624135255,0.01874627782156044
freeway/freeway773.jpg,freeway,freeway,True,0.8623012469513083,0.025456275903782032,0.8623012469513083,0.08410092734399402,0.028141549800915832
freeway/freeway774.jpg,freeway,freeway,True,0.9406896938269669,0.015481976032013888,0.9406896938269669,0.019330469724250413,0.024497860416769008
freeway/freeway775.jpg,freeway,freeway,True,0.9454477895084485,0.015335085799247257,0.9454477895084485,0.018765704967998093,0.02045141972430607
freeway/freeway776.jpg,freeway,freeway,True,0.9422072607203155,0.017087034064979124,0.9422072607203155,0.018919975082920187,0.021785730131785096
freeway/freeway777.jpg,freeway,freeway,True,0.9408351227480093,0.018895960354733222,0.9408351227480093,0.022428948393288226,0.01783996850396925
freeway/freeway778.jpg,freeway,freeway,True,0.9597178802202964,0.012417018527185589,0.9597178802202964,0.014823217464353403,0.013041883788164739
freeway/freeway779.jpg,freeway,freeway,True,0.9532029438996193,0.013667611843994338,0.9532029438996193,0.016782655717936634,0.016346788538449612
freeway/freeway780.jpg,freeway,freeway,True,0.9410454056251123,0.016610144497259803,0.9410454056251123,0.021801494677813258,0.020542955199814552
freeway/freeway781.jpg,freeway,freeway,True,0.9030631546690157,0.02361329921254783,0.9030631546690157,0.04047762839042074,0.03284591772801575
freeway/freeway782.jpg,freeway,freeway,True,0.9465913619916543,0.015598193064426474,0.9465913619916543,0.02519723556314511,0.012613209380774308
freeway/freeway783.jpg,freeway,freeway,True,0.9268908201966876,0.023632683592151527,0.9268908201966876,0.027908235631396862,0.021568260579764017
freeway/freeway784.jpg,freeway,freeway,True,0.9109163657335492,0.02292695108865188,0.9109163657335492,0.04349521564216779,0.02266146753563099
freeway/freeway785.jpg,freeway,freeway,True,0.9477573117023929,0.013465427328004207,0.9477573117023929,0.02694097260325482,0.011836288366348065
freeway/freeway786.jpg,freeway,freeway,True,0.9298537447192685,0.017305978481744352,0.9298537447192685,0.03899818101109576,0.013842095787891376
freeway/freeway787.jpg,freeway,freeway,True,0.9169279918717282,0.019023183906660284,0.9169279918717282,0.049138218767887196,0.01491060545372427
freeway/freeway788.jpg,freeway,freeway,True,0.9512359585002426,0.014206062511207821,0.9512359585002426,0.02559765796264563,0.0089603210259039
freeway/freeway789.jpg,freeway,freeway,True,0.9301853648530691,0.014364414102691923,0.9301853648530691,0.04520807659351716,0.010242144450721734
freeway/freeway790.jpg,freeway,freeway,True,0.8951970693251413,0.02204158719192218,0.8951970693251413,0.06651217601831134,0.016249167464625295
freeway/freeway791.jpg,freeway,freeway,True,0.9415744198142231,0.01339778576719548,0.9415744198142231,0.03218313817718085,0.012844656241400552
freeway/freeway792.jpg,freeway,freeway,True,0.9328649495913389,0.013080898996576917,0.9328649495913389,0.04209150468281443,0.011962646729269577
freeway/freeway793.jpg,freeway,freeway,True,0.9403934419729527,0.013193995882892228,0.9403934419729527,0.03609725032509597,0.010315311819059217
freeway/freeway794.jpg,freeway,freeway,True,0.9452377962151491,0.015245626456472771,0.9452377962151491,0.028278616873636298,0.01123796045474175
freeway/freeway795.jpg,freeway,freeway,True,0.9406848510223124,0.013638058026911867,0.9406848510223124,0.036306112583567106,0.009370978367208732
freeway/freeway796.jpg,freeway,freeway,True,0.9446200540646805,0.013989482799439753,0.9446200540646805,0.03189940229484367,0.009491060841036108
freeway/freeway797.jpg,freeway,freeway,True,0.9470410598409084,0.01373440935701851,0.9470410598409084,0.029283018915196603,0.00994151188687664
freeway/freeway798.jpg,freeway,freeway,True,0.935987608161382,0.013168226721826428,0.935987608161382,0.04291307352609926,0.007931091590692359
freeway/freeway799.jpg,freeway,freeway,True,0.9337956226193084,0.016285437101186056,0.9337956226193084,0.03828376461189473,0.011635175667610794
freeway/freeway800.jpg,freeway,freeway,True,0.9354326518670018,0.017460588621816396,0.9354326518670018,0.028812699702180655,0.018294059809001312
overpass/overpass701.jpg,overpass,overpass,True,0.9329223098121187,0.019400558906047922,0.02527007019153239,0.9329223098121187,0.022407061090300894
overpass/overpass702.jpg,overpass,overpass,True,0.9453217912167352,0.012163267624357958,0.02411820119536588,0.9453217912167352,0.018396739963541058
overpass/overpass703.jpg,overpass,overpass,True,0.9050639885624928,0.02080265757843051,0.052312941411366776,0.9050639885624928,0.021820412447709957
overpass/overpass704.jpg,overpass,overpass,True,0.933225270816718,0.0214473343390246,0.024924078603542805,0.933225270816718,0.020403316240714505
overpass/overpass705.jpg,overpass,overpass,True,0.941092265349327,0.011834948293318538,0.018667894816035018,0.941092265349327,0.02840489154131955
overpass/overpass706.jpg,overpass,overpass,True,0.9572151807396767,0.007974346418608504,0.016370078026175978,0.9572151807396767,0.01844039481553871
overpass/overpass707.jpg,overpass,overpass,True,0.951444876916767,0.012911549597681595,0.018644693188850075,0.951444876916767,0.016998880296701366
overpass/overpass708.jpg,overpass,overpass,True,0.9461989651273385,0.016164835271173763,0.01984499334372906,0.9461989651273385,0.01779120625775879
overpass/overpass709.jpg,overpass,overpass,True,0.9447054525536167,0.009956483319938121,0.030533725947195545,0.9447054525536167,0.014804338179249553
overpass/overpass710.jpg,overpass,overpass,True,0.9549478255580763,0.009553761215136375,0.019215467954688797,0.9549478255580763,0.016282945272098445
overpass/overpass711.jpg,overpass,overpass,True,0.932378559526014,0.01451932333654832,0.033174926961984305,0.932378559526014,0.01992719017545343
overpass/overpass712.jpg,overpass,overpass,True,0.9622089561972844,0.009416408474571964,0.016122601603817902,0.9622089561972844,0.012252033724325798
overpass/overpass713.jpg,overpass,overpass,True,0.9458794489289976,0.015452541865948459,0.025707870194263748,0.9458794489289976,0.012960139010790208
overpass/overpass714.jpg,overpass,overpass,True,0.9408567269198249,0.016867718136831033,0.02539286990239844,0.9408567269198249,0.01688268504094566
overpass/overpass715.jpg,overpass,overpass,True,0.9429102603607792,0.009730960900333445,0.02519135135073255,0.9429102603607792,0.02216742738815468
overpass/overpass716.jpg,overpass,overpass,True,0.9527397107821067,0.011566025404653797,0.022695515467101593,0.9527397107821067,0.01299874834613785
overpass/overpass717.jpg,overpass,overpass,True,0.9306805385406426,0.011008185374096239,0.029255052636888684,0.9306805385406426,0.029056223448372477
overpass/overpass718.jpg,overpass,overpass,True,0.9496914012867023,0.013626957378556525,0.01922319158909724,0.9496914012867023,0.017458449745643992
overpass/overpass719.jpg,overpass,overpass,True,0.9281065541115742,0.01890658588292269,0.032499594478067086,0.9281065541115742,0.020487265527436186
overpass/overpass720.jpg,overpass,overpass,True,0.9381314274968552,0.016652417735063107,0.01969340091813972,0.9381314274968552,0.02552275384994189
overpass/overpass721.jpg,overpass,overpass,True,0.9535244729241378,0.011409544485651298,0.01597626889165007,0.9535244729241378,0.019089713698560697
overpass/overpass722.jpg,overpass,overpass,True,0.9362283682305532,0.01623344631765865,0.021018093495379066,0.9362283682305532,0.02652009195640903
overpass/overpass723.jpg,overpass,overpass,True,0.9464080891516617,0.014144669784838006,0.01600914420323185,0.9464080891516617,0.02343809686026833
overpass/overpass724.jpg,overpass,overpass,True,0.9538749231528005,0.011241335549957914,0.017256985936891338,0.9538749231528005,0.017626755360350205
overpass/overpass725.jpg,overpass,overpass,True,0.9164600444494302,0.021871820968705106,0.01532568885487452,0.9164600444494302,0.04634244572699008
overpass/overpass726.jpg,overpass,overpass,True,0.9190974812417996,0.019324179851615584,0.014874577436404348,0.9190974812417996,0.04670376147018057
overpass/overpass727.jpg,overpass,overpass,True,0.9308622747404349,0.016416500242823262,0.02346012132322707,0.9308622747404349,0.029261103693514638
overpass/overpass728.jpg,overpass,overpass,True,0.9351438007763814,0.016932462202328788,0.027547022988174914,0.9351438007763814,0.020376714033114966
overpass/overpass729.jpg,overpass,overpass,True,0.8142919618973729,0.13789193387871201,0.010318780767517771,0.8142919618973729,0.037497323456397405
overpass/overpass730.jpg,overpass,overpass,True,0.9250124367998732,0.01959883656617588,0.014817045944534714,0.9250124367998732,0.04057168068941622
overpass/overpass731.jpg,overpass,overpass,True,0.9310633954189832,0.02127744603989754,0.021333018970248523,0.9310633954189832,0.026326139570870793
overpass/overpass732.jpg,overpass,overpass,True,0.8080407087094401,0.1568853595663879,0.013778370101870064,0.8080407087094401,0.021295561622301878
overpass/overpass733.jpg,overpass,overpass,True,0.9335333427237297,0.029188473025408827,0.017900273463221074,0.9335333427237297,0.019377910787640402
overpass/overpass734.jpg,overpass,overpass,True,0.9219062061558035,0.025358305549625766,0.03298334280141875,0.9219062061558035,0.01975214549315195
overpass/overpass735.jpg,overpass,overpass,True,0.9246152187057864,0.023580820006028777,0.03046141958515605,0.9246152187057864,0.021342541703028746
overpass/overpass736.jpg,overpass,overpass,True,0.9203254694103542,0.018892423305913512,0.025422407028361193,0.9203254694103542,0.03535970025537106
overpass/overpass737.jpg,overpass,overpass,True,0.9238511196369845,0.028553266778164117,0.013466181363886805,0.9238511196369845,0.03412943222096458
overpass/overpass738.jpg,overpass,overpass,True,0.9326779689214091,0.02130704497227016,0.0164110811674172,0.9326779689214091,0.029603904938903504
overpass/overpass739.jpg,overpass,overpass,True,0.9362061186999381,0.018622025801073257,0.01633771746510898,0.9362061186999381,0.028834138033879794
overpass/overpass740.jpg,overpass,overpass,True,0.9257507759741825,0.0241183637583781,0.02159412357726268,0.9257507759741825,0.02853673669017661
overpass/overpass741.jpg,overpass,overpass,True,0.9328795225129495,0.023994062697726075,0.02207478144290236,0.9328795225129495,0.02105163334642205
overpass/overpass742.jpg,overpass,overpass,True,0.9087599408920704,0.02923952558704225,0.020599503910496753,0.9087599408920704,0.04140102961039068
overpass/overpass743.jpg,overpass,overpass,True,0.9186547876465994,0.026170259347080806,0.0175049233342487,0.9186547876465994,0.03767002967207107
overpass/overpass744.jpg,overpass,overpass,True,0.9312449395253218,0.018450487523389247,0.027296360869599627,0.9312449395253218,0.02300821208168924
overpass/overpass745.jpg,overpass,overpass,True,0.9085837434489848,0.026152127245380272,0.01917379557364459,0.9085837434489848,0.0460903337319902
overpass/overpass746.jpg,overpass,overpass,True,0.9147046620716731,0.027148813849927466,0.015409976783081657,0.9147046620716731,0.04273654729531776
overpass/overpass747.jpg,overpass,overpass,True,0.9189969275592895,0.03694782295958071,0.013992081630641147,0.9189969275592895,0.03006316785048866
overpass/overpass748.jpg,overpass,overpass,True,0.9077902462976846,0.02491879877156347,0.014795203500248598,0.9077902462976846,0.0524957514305033
overpass/overpass749.jpg,overpass,overpass,True,0.9222074619839965,0.03792700137531813,0.02021407998871665,0.9222074619839965,0.01965145665196855
overpass/overpass750.jpg,overpass,overpass,True,0.9287265282396107,0.029273828884659174,0.021977949841568187,0.9287265282396107,0.020021693034161982
overpass/overpass751.jpg,overpass,overpass,True,0.8834643791978066,0.03624574384730481,0.02200639245488539,0.8834643791978066,0.058283484500003147
overpass/overpass752.jpg,overpass,overpass,True,0.909839326058509,0.03306526624011349,0.021999879777547658,0.909839326058509,0.03509552792382995
overpass/overpass753.jpg,overpass,overpass,True,0.9234288047349842,0.02919511961497225,0.02201924525743752,0.9234288047349842,0.025356830392605875
overpass/overpass754.jpg,overpass,overpass,True,0.9080625940808422,0.027015545221449187,0.016067577396407184,0.9080625940808422,0.04885428330130122
overpass/overpass755.jpg,overpass,overpass,True,0.9227656144916391,0.024977306177689517,0.026915662536489974,0.9227656144916391,0.02534141679418139
overpass/overpass756.jpg,overpass,overpass,True,0.9307071411701175,0.02517410842632854,0.016477114213242244,0.9307071411701175,0.027641636190311635
overpass/overpass757.jpg,overpass,overpass,True,0.9260397895453754,0.021416162339208993,0.017971139086693923,0.9260397895453754,0.03457290902872164
overpass/overpass758.jpg,overpass,overpass,True,0.9050200764021328,0.022048955914567736,0.015526754506452547,0.9050200764021328,0.057404213176846866
overpass/overpass759.jpg,overpass,overpass,True,0.9162149745804483,0.020806758899494182,0.017058994287117123,0.9162149745804483,0.04591927223294042
overpass/overpass760.jpg,overpass,overpass,True,0.8607128685285576,0.04238703698257244,0.018862093143257742,0.8607128685285576,0.0780380013456124
overpass/overpass761.jpg,overpass,overpass,True,0.9226374684404954,0.021032094130782972,0.020650986618831142,0.9226374684404954,0.035679450809890566
overpass/overpass762.jpg,overpass,overpass,True,0.9171236592202303,0.022579712417164072,0.019762902965604817,0.9171236592202303,0.040533725397000946
overpass/overpass763.jpg,overpass,overpass,True,0.9424062483549054,0.020805499955641606,0.014158866027690132,0.9424062483549054,0.022629385661762834
overpass/overpass764.jpg,overpass,overpass,True,0.9159721793215162,0.03763829072004724,0.023958871652602468,0.9159721793215162,0.022430658305833868
overpass/overpass765.jpg,overpass,overpass,True,0.9165085192895542,0.025298289678608647,0.025591564370130587,0.9165085192895542,0.03260162666170651
overpass/overpass766.jpg,overpass,overpass,True,0.9308574597126675,0.019551497570027103,0.021108359069286386,0.9308574597126675,0.028482683648018967
overpass/overpass767.jpg,overpass,overpass,True,0.9120030172062548,0.023312454786352466,0.02189745839820567,0.9120030172062548,0.042787069609187114
overpass/overpass768.jpg,overpass,overpass,True,0.9188543444911552,0.023912712299351404,0.02400664742446058,0.9188543444911552,0.033226295785032736
overpass/overpass769.jpg,overpass,overpass,True,0.9093546734002156,0.021935049000561254,0.03293117610524762,0.9093546734002156,0.03577910149397553
overpass/overpass770.jpg,overpass,overpass,True,0.9267805509293208,0.022862272941710705,0.022170057905566126,0.9267805509293208,0.028187118223402585
overpass/overpass771.jpg,overpass,overpass,True,0.9407784392474466,0.018480025138485713,0.017233041140999078,0.9407784392474466,0.02350849447306877
overpass/overpass772.jpg,overpass,overpass,True,0.9243455711539064,0.034244574380743846,0.016970129071182033,0.9243455711539064,0.024439725394167534
overpass/overpass773.jpg,overpass,overpass,True,0.9147466685816816,0.034993967091538986,0.020918878995193724,0.9147466685816816,0.02934048533158578
overpass/overpass774.jpg,overpass,overpass,True,0.9177291044661753,0.017486830038135406,0.022659503414444303,0.9177291044661753,0.04212456208124491
overpass/overpass775.jpg,overpass,overpass,True,0.9515952712119742,0.014366172030006782,0.015349814001916528,0.9515952712119742,0.018688742756102505
overpass/overpass776.jpg,overpass,overpass,True,0.9117901400779638,0.025266297684483786,0.040912033869362714,0.9117901400779638,0.02203152836818963
overpass/overpass777.jpg,overpass,overpass,True,0.9427014119955516,0.015813303512962455,0.02060704106967678,0.9427014119955516,0.020878243421809255
overpass/overpass778.jpg,overpass,overpass,True,0.9312391101572122,0.02109148542260711,0.0293659551834291,0.9312391101572122,0.018303449236751607
overpass/overpass779.jpg,overpass,overpass,True,0.9379986947611629,0.018266710528076335,0.02451119585119001,0.9379986947611629,0.019223398859570615
overpass/overpass780.jpg,overpass,overpass,True,0.9255892216355383,0.028115657358767625,0.016794671014876424,0.9255892216355383,0.02950044999081767
overpass/overpass781.jpg,overpass,overpass,True,0.9169055165120352,0.024615966774392678,0.029092515327247707,0.9169055165120352,0.029386001386324256
overpass/overpass782.jpg,overpass,overpass,True,0.9088252221745192,0.02761603291009752,0.023330402154960014,0.9088252221745192,0.04022834276042317
overpass/overpass783.jpg,overpass,overpass,True,0.924548325157308,0.03004586211972082,0.01873739314196478,0.924548325157308,0.026668419581006433
overpass/overpass784.jpg,overpass,overpass,True,0.9297314026891055,0.022632491569347685,0.0219352059409431,0.9297314026891055,0.02570089980060371
overpass/overpass785.jpg,overpass,overpass,True,0.9052010097165869,0.026991694003564853,0.020645647165703766,0.9052010097165869,0.04716164911414443
overpass/overpass786.jpg,overpass,overpass,True,0.9181018536624945,0.025985342546140662,0.014580908631308025,0.9181018536624945,0.041331895160056656
overpass/overpass787.jpg,overpass,overpass,True,0.8906251889897656,0.020090621513700696,0.01613885772039584,0.8906251889897656,0.07314533177613786
overpass/overpass788.jpg,overpass,overpass,True,0.8710312671139643,0.042039172413203284,0.014156373667601538,0.8710312671139643,0.07277318680523091
overpass/overpass789.jpg,overpass,overpass,True,0.9571032324387194,0.01153313447671186,0.016211959043141953,0.9571032324387194,0.015151674041426795
overpass/overpass790.jpg,overpass,overpass,True,0.9447694984906037,0.015363356859896492,0.01750828217146333,0.9447694984906037,0.022358862478036534
overpass/overpass791.jpg,overpass,overpass,True,0.9335436302956848,0.026896315814897584,0.022661111002623156,0.9335436302956848,0.016898942886794405
overpass/overpass792.jpg,overpass,overpass,True,0.9390573514427341,0.022737549984254698,0.020945304445116282,0.9390573514427341,0.01725979412789496
overpass/overpass793.jpg,overpass,overpass,True,0.9451638341046703,0.014461508556202863,0.017071838355682045,0.9451638341046703,0.023302818983445
overpass/overpass794.jpg,overpass,overpass,True,0.9405603405544305,0.023155909688052454,0.018403552905624298,0.9405603405544305,0.017880196851892606
overpass/overpass795.jpg,overpass,overpass,True,0.9323632520934169,0.038824155243226806,0.01257921433130962,0.9323632520934169,0.016233378332046706
overpass/overpass796.jpg,overpass,overpass,True,0.9370186784903504,0.02668260603072764,0.018472189214277696,0.9370186784903504,0.01782652626464429
overpass/overpass797.jpg,overpass,overpass,True,0.9126392386280949,0.01889558815982344,0.02128865097204222,0.9126392386280949,0.04717652224003938
overpass/overpass798.jpg,overpass,overpass,True,0.9013939782681478,0.018325865929886602,0.03675180562919723,0.9013939782681478,0.043528350172768265
overpass/overpass799.jpg,overpass,overpass,True,0.9440025271538325,0.0263285033286767,0.013608787189962767,0.9440025271538325,0.016060182327527935
overpass/overpass800.jpg,overpass,overpass,True,0.9530231934909804,0.010083751017799835,0.025933695975999715,0.9530231934909804,0.010959359515220013
railway/railway701.jpg,railway,railway,True,0.7074306113182497,0.016658257314971857,0.2582744221209278,0.01763670924585059,0.7074306113182497
railway/railway702.jpg,railway,railway,True,0.9467083110919495,0.01747404484990387,0.01564157348190367,0.020176070576242936,0.9467083110919495
railway/railway703.jpg,railway,railway,True,0.8682862795164074,0.008729409804208495,0.10659945206380005,0.016384858615584093,0.8682862795164074
railway/railway704.jpg,railway,railway,True,0.9375278526900509,0.02358843325923425,0.015569381487273121,0.023314332563441682,0.9375278526900509
railway/railway705.jpg,railway,railway,True,0.9639729769096135,0.008990885730374975,0.012521569745359335,0.014514567614652299,0.9639729769096135
railway/railway706.jpg,railway,railway,True,0.9486212935392226,0.02076079799556956,0.01217380506937873,0.018444103395829158,0.9486212935392226
railway/railway707.jpg,railway,railway,True,0.9482021635006996,0.015488081394125554,0.0213397369940397,0.014970018111135018,0.9482021635006996
railway/railway708.jpg,railway,railway,True,0.9602750091952648,0.015282610136000714,0.013541320887987653,0.01090105978074679,0.9602750091952648
railway/railway709.jpg,railway,railway,True,0.9658813234190335,0.009882189644919034,0.014091458681704284,0.010145028254343132,0.9658813234190335
railway/railway710.jpg,railway,railway,True,0.9097555607668619,0.04884402226961765,0.01966908835436613,0.021731328609154266,0.9097555607668619
railway/railway711.jpg,railway,railway,True,0.9606188742564585,0.012082288861038473,0.013389874928358634,0.013908961954144474,0.9606188742564585
railway/railway712.jpg,railway,railway,True,0.9571928025007276,0.012076109068018447,0.014435414326267047,0.016295674104986817,0.9571928025007276
railway/railway713.jpg,railway,railway,True,0.9435088781102494,0.012616589546209605,0.020283352374454854,0.023591179969086176,0.9435088781102494
railway/railway714.jpg,railway,railway,True,0.8830250377980541,0.03688147953663464,0.01947138068076887,0.060622101984542466,0.8830250377980541
railway/railway715.jpg,railway,railway,True,0.9604824416350676,0.011285582842971216,0.014600245270504617,0.013631730251456569,0.9604824416350676
railway/railway716.jpg,railway,railway,True,0.9656108186802765,0.01036418012421873,0.012435506101011228,0.011589495094493552,0.9656108186802765
railway/railway717.jpg,railway,railway,True,0.9289569634034571,0.014800595455900107,0.025587557899844578,0.0306548832407982,0.9289569634034571
railway/railway718.jpg,railway,railway,True,0.9572395822181283,0.012127176526124167,0.01505743610748115,0.015575805148266307,0.9572395822181283
railway/railway719.jpg,railway,railway,True,0.9557026365010914,0.01135359535667853,0.01721279850624076,0.01573096963598924,0.9557026365010914
railway/railway720.jpg,railway,railway,True,0.9317572239436221,0.01970204320494989,0.025910443232459196,0.022630289618968878,0.9317572239436221
railway/railway721.jpg,railway,railway,True,0.9507850479973027,0.012221646024862823,0.016620906366126897,0.020372399611707517,0.9507850479973027
railway/railway722.jpg,railway,railway,True,0.9496424176158447,0.015537534651812806,0.014554913853692716,0.020265133878649755,0.9496424176158447
railway/railway723.jpg,railway,railway,True,0.9512918631353595,0.011376264157333931,0.016891198807308133,0.02044067389999853,0.9512918631353595
railway/railway724.jpg,railway,railway,True,0.9493996696848775,0.011684314802706154,0.019478030322963958,0.019437985189452316,0.9493996696848775
railway/railway725.jpg,railway,railway,True,0.9451181180252367,0.012207430378099595,0.0172217511050009,0.02545270049166268,0.9451181180252367
railway/railway726.jpg,railway,railway,True,0.945013505688248,0.012252460379141676,0.022476353066616123,0.020257680865994197,0.945013505688248
railway/railway727.jpg,railway,railway,True,0.9435190465987328,0.010846472044027335,0.02962270054235362,0.016011780814886228,0.9435190465987328
railway/railway728.jpg,railway,railway,True,0.9412963235737077,0.011315297692234653,0.027263373164208054,0.02012500556984957,0.9412963235737077
railway/railway729.jpg,railway,railway,True,0.952942248476572,0.011646796549140212,0.01824012487222812,0.017170830102059675,0.952942248476572
railway/railway730.jpg,railway,railway,True,0.9488562270908205,0.01835451597435995,0.014488190920346125,0.018301066014473386,0.9488562270908205
railway/railway731.jpg,railway,railway,True,0.8229249432819883,0.14055429234418787,0.02392526718897459,0.012595497184849244,0.8229249432819883
railway/railway732.jpg,railway,railway,True,0.9329053564444129,0.01308355851846782,0.023841438368273075,0.030169646668846205,0.9329053564444129
railway/railway733.jpg,railway,railway,True,0.9432070754784427,0.014319162743319375,0.017679158595243126,0.0247946031829948,0.9432070754784427
railway/railway734.jpg,railway,railway,True,0.9584284870185004,0.012407741316968346,0.01281891806067701,0.016344853603854386,0.9584284870185004
railway/railway735.jpg,railway,railway,True,0.9484128542229124,0.01810503006545447,0.019530040219333206,0.013952075492299933,0.9484128542229124
railway/railway736.jpg,railway,railway,True,0.839340861807558,0.13104757910841244,0.01812815142925644,0.01148340765477311,0.839340861807558
railway/railway737.jpg,railway,railway,True,0.9523141234828169,0.012118868407491828,0.01731909858601303,0.0182479095236784,0.9523141234828169
railway/railway738.jpg,railway,railway,True,0.6677484546088862,0.28933685982714263,0.02567506165953191,0.017239623904439203,0.6677484546088862
railway/railway739.jpg,railway,railway,True,0.9411599073622797,0.012771551472560682,0.022866346729318743,0.023202194435840835,0.9411599073622797
railway/railway740.jpg,railway,railway,True,0.571798195764788,0.3871977820761146,0.02371141047355339,0.017292611685543923,0.571798195764788
railway/railway741.jpg,railway,railway,True,0.9485767770798575,0.009599378823863275,0.01738046412833468,0.024443379967944556,0.9485767770798575
railway/railway742.jpg,railway,railway,True,0.9408531977840235,0.011982371056426562,0.01970940975476422,0.027455021404785653,0.9408531977840235
railway/railway743.jpg,railway,railway,True,0.9385074048422233,0.009882838318633702,0.029478553867405787,0.02213120297173734,0.9385074048422233
railway/railway744.jpg,railway,railway,True,0.9507609395406468,0.011956480758726292,0.01794360485034047,0.019338974850286406,0.9507609395406468
railway/railway745.jpg,railway,railway,True,0.9453900320326003,0.012013752838269642,0.024187399417305976,0.01840881571182422,0.9453900320326003
railway/railway746.jpg,railway,railway,True,0.9421102633080112,0.011577503467556621,0.018483277113021432,0.027828956111410792,0.9421102633080112
railway/railway747.jpg,railway,railway,True,0.9406554420217421,0.013901110354720645,0.013969855608672718,0.03147359201486451,0.9406554420217421
railway/railway748.jpg,railway,railway,True,0.9557481882753517,0.0155007714856537,0.014560108400442712,0.014190931838551997,0.9557481882753517
railway/railway749.jpg,railway,railway,True,0.9474246591183751,0.015498828338370315,0.016408639294776737,0.02066787324847787,0.9474246591183751
railway/railway750.jpg,railway,railway,True,0.9470527106537129,0.013149357810256558,0.01509093843815104,0.024706993097879562,0.9470527106537129
railway/railway751.jpg,railway,railway,True,0.9591196664077257,0.012162261080371514,0.012284875940268216,0.01643319657163447,0.9591196664077257
railway/railway752.jpg,railway,railway,True,0.8722898288289589,0.015358842415851146,0.016429522942569347,0.09592180581262058,0.8722898288289589
railway/railway753.jpg,railway,railway,True,0.953572393563458,0.013948238773420727,0.012751363964979069,0.019728003698142288,0.953572393563458
railway/railway754.jpg,railway,railway,True,0.9652424107775947,0.010693351575023113,0.01051879408105611,0.013545443566326087,0.9652424107775947
railway/railway755.jpg,railway,railway,True,0.9567790233610631,0.012503373077225663,0.012255959413553718,0.018461644148157527,0.9567790233610631
railway/railway756.jpg,railway,railway,True,0.9564736058716404,0.012309003578549112,0.011512525621763721,0.019704864928046722,0.9564736058716404
railway/railway757.jpg,railway,railway,True,0.9541628410841219,0.012484655868370314,0.014373345161182886,0.018979157886324878,0.9541628410841219
railway/railway758.jpg,railway,railway,True,0.9541392088148101,0.01059732448075646,0.014523287163249386,0.020740179541183987,0.9541392088148101
railway/railway759.jpg,railway,railway,True,0.8559740263788872,0.021537396818413566,0.008380907051041914,0.11410766975165743,0.8559740263788872
railway/railway760.jpg,railway,bridge,False,0.5134458189734389,0.5134458189734389,0.026807602774614973,0.05457154133483124,0.405175036917115
railway/railway761.jpg,railway,railway,True,0.9617696749254934,0.011509848732242735,0.012014939688865495,0.014705536653398459,0.9617696749254934
railway/railway762.jpg,railway,railway,True,0.956577438123523,0.014846552807613414,0.011490784846557514,0.017085224222306152,0.956577438123523
railway/railway763.jpg,railway,railway,True,0.8429752937812024,0.014213186543262287,0.009562727092338774,0.13324879258319652,0.8429752937812024
railway/railway764.jpg,railway,railway,True,0.9620147318452493,0.011364127108080272,0.011503866817664842,0.015117274229005672,0.9620147318452493
railway/railway765.jpg,railway,railway,True,0.936801463111062,0.013553234295772296,0.01865187589910309,0.030993426694062447,0.936801463111062
railway/railway766.jpg,railway,railway,True,0.9444092684643992,0.01556615452425785,0.016241884875513406,0.023782692135829463,0.9444092684643992
railway/railway767.jpg,railway,railway,True,0.9387483565307492,0.02008675693501858,0.016144311430204922,0.025020575104027328,0.9387483565307492
railway/railway768.jpg,railway,railway,True,0.9505103739493892,0.017082763149740724,0.013401819421380622,0.01900504347948945,0.9505103739493892
railway/railway769.jpg,railway,railway,True,0.9318200603120178,0.016034573816927782,0.014032524428568102,0.038112841442486285,0.9318200603120178
railway/railway770.jpg,railway,railway,True,0.9470221319757974,0.01882794850756467,0.0154206107595753,0.018729308757062687,0.9470221319757974
railway/railway771.jpg,railway,railway,True,0.9599501303178812,0.01156827263023253,0.011488314609719512,0.016993282442166573,0.9599501303178812
railway/railway772.jpg,railway,railway,True,0.9578066405903323,0.011568396723310708,0.012624829564046182,0.018000133122310878,0.9578066405903323
railway/railway773.jpg,railway,railway,True,0.9484715809192554,0.014310641985636781,0.01398470834993634,0.023233068745171497,0.9484715809192554
railway/railway774.jpg,railway,railway,True,0.9495077441829269,0.012420764253085517,0.013149716076673179,0.0249217754873144,0.9495077441829269
railway/railway775.jpg,railway,railway,True,0.9491790040363026,0.012574045838322114,0.013095257681816935,0.02515169244355841,0.9491790040363026
railway/railway776.jpg,railway,railway,True,0.9487540198706804,0.01312961396593394,0.014839954060394412,0.02327641210299127,0.9487540198706804
railway/railway777.jpg,railway,railway,True,0.9416356811238941,0.01456373444467249,0.014977749399363877,0.028822835032069533,0.9416356811238941
railway/railway778.jpg,railway,railway,True,0.9538760214074129,0.015207621902628098,0.012126928006982085,0.018789428682977,0.9538760214074129
railway/railway779.jpg,railway,railway,True,0.9562146429890173,0.011140439937862269,0.016675790662339103,0.0159691264107815,0.9562146429890173
railway/railway780.jpg,railway,railway,True,0.9616315198552777,0.010759930326595273,0.012859776086540937,0.014748773731586085,0.9616315198552777
railway/railway781.jpg,railway,railway,True,0.9077213632736442,0.010761634719292248,0.00960856911439963,0.07190843289266394,0.9077213632736442
railway/railway782.jpg,railway,railway,True,0.9479434084276477,0.012154051512924565,0.0246211140211695,0.015281426038258123,0.9479434084276477
railway/railway783.jpg,railway,railway,True,0.9310016500415759,0.016162122612991898,0.019763674018390652,0.033072553327041634,0.9310016500415759
railway/railway784.jpg,railway,railway,True,0.9429186663408626,0.01371272180991248,0.014110972809154156,0.029257639040070716,0.9429186663408626
railway/railway785.jpg,railway,railway,True,0.6463692635998766,0.30159167739173565,0.029849028057825827,0.022190030950561827,0.6463692635998766
railway/railway786.jpg,railway,railway,True,0.9425460046349976,0.018624702681815958,0.011711987048222128,0.027117305634964364,0.9425460046349976
railway/railway787.jpg,railway,railway,True,0.936199456612325,0.01262605018402769,0.013252497707509994,0.03792199549613741,0.936199456612325
railway/railway788.jpg,railway,railway,True,0.9336462197332309,0.013206908473315154,0.022026783315100155,0.03112008847835382,0.9336462197332309
railway/railway789.jpg,railway,railway,True,0.9501585451306364,0.012806165354588589,0.014468641963128472,0.02256664755164645,0.9501585451306364
railway/railway790.jpg,railway,railway,True,0.9352935555743824,0.014136655769367693,0.016625037205260543,0.033944751450989366,0.9352935555743824
railway/railway791.jpg,railway,railway,True,0.9556341366196852,0.010191526958028878,0.01586648888546172,0.018307847536824247,0.9556341366196852
railway/railway792.jpg,railway,railway,True,0.6353627295804158,0.3106037819405236,0.02560060605987814,0.02843288241918251,0.6353627295804158
railway/railway793.jpg,railway,railway,True,0.9128077634896721,0.015958579856424113,0.015679806259436598,0.05555385039446726,0.9128077634896721
railway/railway794.jpg,railway,railway,True,0.9499834507924602,0.01251842575699416,0.018362470300150112,0.019135653150395497,0.9499834507924602
railway/railway795.jpg,railway,railway,True,0.9426229474018847,0.01611005979303765,0.017710462560673514,0.023556530244404208,0.9426229474018847
railway/railway796.jpg,railway,railway,True,0.9449806910659349,0.0189129641901814,0.017379060621339985,0.018727284122543788,0.9449806910659349
railway/railway797.jpg,railway,railway,True,0.9419243518167429,0.021024741525605208,0.014603040029894576,0.02244786662775724,0.9419243518167429
railway/railway798.jpg,railway,railway,True,0.9506284736103636,0.014121587608300769,0.015660654809502916,0.019589283971832627,0.9506284736103636
railway/railway799.jpg,railway,railway,True,0.9606273161971527,0.013849870788093532,0.013085467203830498,0.01243734581092336,0.9606273161971527
railway/railway800.jpg,railway,railway,True,0.9512533721204092,0.01564523524953294,0.01382173725067929,0.019279655379378705,0.9512533721204092
