image_path,true_label,predicted_label,correct,confidence,prob_bridge,prob_freeway,prob_overpass,prob_railway
bridge/bridge701.jpg,bridge,bridge,True,0.9674627500490475,0.9674627500490475,0.012714591603288474,0.01169099924248663,0.008131659105177436
bridge/bridge702.jpg,bridge,bridge,True,0.9641513826928386,0.9641513826928386,0.013709945497862574,0.01270724756341633,0.009431424245882334
bridge/bridge703.jpg,bridge,bridge,True,0.9636676140843948,0.9636676140843948,0.0135608145835595,0.012966298317202066,0.009805273014843666
bridge/bridge704.jpg,bridge,bridge,True,0.962981884045609,0.962981884045609,0.014212991925036172,0.012293661102605232,0.01051146292674949
bridge/bridge705.jpg,bridge,bridge,True,0.9615610514938442,0.9615610514938442,0.015497072584640318,0.012761969035145215,0.010179906886370188
bridge/bridge706.jpg,bridge,bridge,True,0.9624707307132914,0.9624707307132914,0.01455484454953667,0.012304760265336952,0.010669664471835028
bridge/bridge707.jpg,bridge,bridge,True,0.960526312326013,0.960526312326013,0.015430710944776197,0.01335077049520564,0.010692206234005118
bridge/bridge708.jpg,bridge,bridge,True,0.9624623786670012,0.9624623786670012,0.012942703024693667,0.012303094347700723,0.012291823960604362
bridge/bridge709.jpg,bridge,bridge,True,0.958939615284768,0.958939615284768,0.015123367608578896,0.012461872654760939,0.013475144451891956
bridge/bridge710.jpg,bridge,bridge,True,0.9614573023328917,0.9614573023328917,0.014041503441730194,0.011883697522668569,0.012617496702709535
bridge/bridge711.jpg,bridge,bridge,True,0.9606338193414272,0.9606338193414272,0.014637540051295085,0.012516219317873825,0.01221242128940393
bridge/bridge712.jpg,bridge,bridge,True,0.9583765015952432,0.9583765015952432,0.01569268258842401,0.013435515326098942,0.01249530049023383
bridge/bridge713.jpg,bridge,bridge,True,0.9591503433096873,0.9591503433096873,0.015131353986063224,0.013698172872439459,0.012020129831810108
bridge/bridge714.jpg,bridge,bridge,True,0.9586029255567236,0.9586029255567236,0.01444412074076193,0.013801720576035292,0.01315123312647927
bridge/bridge715.jpg,bridge,bridge,True,0.9607582962747865,0.9607582962747865,0.014322856916857545,0.012878231580559651,0.012040615227796394
bridge/bridge716.jpg,bridge,bridge,True,0.9658733355367014,0.9658733355367014,0.01134981289983789,0.012863976122519145,0.009912875440941792
bridge/bridge717.jpg,bridge,bridge,True,0.9670979810809212,0.9670979810809212,0.0106435458780426,0.012454531406078273,0.009803941634958128
bridge/bridge718.jpg,bridge,bridge,True,0.9648099530651072,0.9648099530651072,0.011337033459413613,0.013310145359417214,0.01054286811606204
bridge/bridge719.jpg,bridge,bridge,True,0.9627509203393327,0.9627509203393327,0.013021053434301115,0.013342121401060928,0.010885904825305198
bridge/bridge720.jpg,bridge,bridge,True,0.967375572104689,0.967375572104689,0.01157440852232512,0.01154016216921909,0.009509857203766752
bridge/bridge721.jpg,bridge,bridge,True,0.9454086399345358,0.9454086399345358,0.019481797239229885,0.020985086464612744,0.014124476361621589
bridge/bridge722.jpg,bridge,bridge,True,0.9441238379388394,0.9441238379388394,0.02014868495971708,0.020073920439502246,0.015653556661941216
bridge/bridge723.jpg,bridge,bridge,True,0.9434849489783341,0.9434849489783341,0.021207199548847613,0.020886547706776733,0.01442130376604166
bridge/bridge724.jpg,bridge,bridge,True,0.9553979110603803,0.9553979110603803,0.015831313507676394,0.016821393852093032,0.011949381579850269
bridge/bridge725.jpg,bridge,bridge,True,0.9535373045276101,0.9535373045276101,0.018428967700986017,0.01719873091761722,0.010834996853786753
bridge/bridge726.jpg,bridge,bridge,True,0.9513216235067604,0.9513216235067604,0.018340085485071465,0.018379219467946156,0.011959071540221964
bridge/bridge727.jpg,bridge,bridge,True,0.9521115693314169,0.9521115693314169,0.018454271230396672,0.017116566074029664,0.012317593364156686
bridge/bridge728.jpg,bridge,bridge,True,0.9529149548786586,0.9529149548786586,0.01869461938491207,0.016910513958289148,0.011479911778140287
bridge/bridge729.jpg,bridge,bridge,True,0.9533905436952048,0.9533905436952048,0.017699174203168962,0.017445619626596333,0.01146466247502991
bridge/bridge730.jpg,bridge,bridge,True,0.9537270197348423,0.9537270197348423,0.01842321672202388,0.016425058969450762,0.011424704573683046
bridge/bridge731.jpg,bridge,bridge,True,0.9486343146002831,0.9486343146002831,0.020983051960697365,0.0175080258776876,0.012874607561331953
bridge/bridge732.jpg,bridge,bridge,True,0.950969365585455,0.950969365585455,0.019700024111643955,0.016926532285007123,0.012404078017893881
bridge/bridge733.jpg,bridge,bridge,True,0.9496215279590676,0.9496215279590676,0.020780085919077537,0.016786968859086752,0.012811417262768037
bridge/bridge734.jpg,bridge,bridge,True,0.9463463420900006,0.9463463420900006,0.021908575027968814,0.018050753992753157,0.01369432888927754
bridge/bridge735.jpg,bridge,bridge,True,0.9498250660476238,0.9498250660476238,0.020835385078733473,0.01671970838747086,0.012619840486171936
bridge/bridge736.jpg,bridge,bridge,True,0.9483939364870152,0.9483939364870152,0.021110367935806926,0.017928334900031855,0.012567360677146156
bridge/bridge737.jpg,bridge,bridge,True,0.950368819266455,0.950368819266455,0.02025275713897888,0.017299210304972727,0.012079213289593242
bridge/bridge738.jpg,bridge,bridge,True,0.9542120740498906,0.9542120740498906,0.017448491476119685,0.01675621018648848,0.011583224287501205
bridge/bridge739.jpg,bridge,bridge,True,0.9565054736354411,0.9565054736354411,0.015501870186168826,0.016467305907111172,0.011525350271278885
bridge/bridge740.jpg,bridge,bridge,True,0.9563832305526041,0.9563832305526041,0.016010465328710352,0.016667019018889402,0.010939285099796145
bridge/bridge741.jpg,bridge,bridge,True,0.9595103928808071,0.9595103928808071,0.015385936635897992,0.013929885358048755,0.011173785125246144
bridge/bridge742.jpg,bridge,bridge,True,0.962617825340196,0.962617825340196,0.013779552422513384,0.013030586439712067,0.010572035797578564
bridge/bridge743.jpg,bridge,bridge,True,0.9568873194173443,0.9568873194173443,0.015216594443432277,0.015720856750305896,0.01217522938891763
bridge/bridge744.jpg,bridge,bridge,True,0.941500837058913,0.941500837058913,0.021024958089758357,0.020132017830572984,0.017342187020755642
bridge/bridge745.jpg,bridge,bridge,True,0.9542929938941467,0.9542929938941467,0.015508735886365036,0.015228829633767179,0.014969440585721097
bridge/bridge746.jpg,bridge,bridge,True,0.962198862888951,0.962198862888951,0.011762575942103937,0.014383793306532779,0.0116547678624124
bridge/bridge747.jpg,bridge,bridge,True,0.9437571402650742,0.9437571402650742,0.01613448045729004,0.021751054435407806,0.018357324842228052
bridge/bridge748.jpg,bridge,bridge,True,0.9505461692831182,0.9505461692831182,0.011650846000827208,0.023047350011724616,0.014755634704329732
bridge/bridge749.jpg,bridge,bridge,True,0.9408428560049851,0.9408428560049851,0.02162624223504004,0.018992139060556763,0.018538762699418183
bridge/bridge750.jpg,bridge,bridge,True,0.9457689550340677,0.9457689550340677,0.020860064219148874,0.019071506862734806,0.014299473884048473
bridge/bridge751.jpg,bridge,bridge,True,0.7182907856232897,0.7182907856232897,0.045713330293987026,0.19492435781207365,0.04107152627064953
bridge/bridge752.jpg,bridge,bridge,True,0.9567747227767289,0.9567747227767289,0.01649791184949904,0.013480169371906164,0.013247196001865831
bridge/bridge753.jpg,bridge,bridge,True,0.9581150593331966,0.9581150593331966,0.01511140748297207,0.01391511126937953,0.012858421914451988
bridge/bridge754.jpg,bridge,bridge,True,0.9609426409468886,0.9609426409468886,0.014406926476457752,0.012948229040917456,0.0117022035357362
bridge/bridge755.jpg,bridge,bridge,True,0.9580381912807736,0.9580381912807736,0.015467229563618741,0.013965191032443269,0.012529388123164426
bridge/bridge756.jpg,bridge,bridge,True,0.9572159400185409,0.9572159400185409,0.015535933280400505,0.013740444594223277,0.013507682106835237
bridge/bridge757.jpg,bridge,bridge,True,0.9633624761222204,0.9633624761222204,0.013978879759517115,0.011210575680584013,0.011448068437678588
bridge/bridge758.jpg,bridge,bridge,True,0.9626049678942213,0.9626049678942213,0.01365276564289517,0.012334527466386993,0.011407738996496507
bridge/bridge759.jpg,bridge,bridge,True,0.9647456950858523,0.9647456950858523,0.013570429041458049,0.011319654986758637,0.010364220885931112
bridge/bridge760.jpg,bridge,bridge,True,0.9620082218217231,0.9620082218217231,0.013798913983650766,0.012655411324676779,0.011537452869949418
bridge/bridge761.jpg,bridge,bridge,True,0.9606813517745766,0.9606813517745766,0.01387734949130242,0.013469850174757408,0.011971448559363522
bridge/bridge762.jpg,bridge,bridge,True,0.962928430936827,0.962928430936827,0.013215055011728998,0.012651025388200902,0.011205488663243189
bridge/bridge763.jpg,bridge,bridge,True,0.9567268157956226,0.9567268157956226,0.01522777129854394,0.015257780372947985,0.012787632532885309
bridge/bridge764.jpg,bridge,bridge,True,0.9624841637546215,0.9624841637546215,0.013859183491331173,0.012536499773978426,0.011120152980068897
bridge/bridge765.jpg,bridge,bridge,True,0.9610052216374054,0.9610052216374054,0.014776275164734193,0.013264544502136395,0.010953958695724074
bridge/bridge766.jpg,bridge,bridge,True,0.9621621158634606,0.9621621158634606,0.01422639845016641,0.012695406397874101,0.010916079288498939
bridge/bridge767.jpg,bridge,bridge,True,0.960234254544489,0.960234254544489,0.014404936645634366,0.01302973044318378,0.012331078366692895
bridge/bridge768.jpg,bridge,bridge,True,0.9610950120348032,0.9610950120348032,0.014761886115274282,0.012576853912264908,0.01156624793765764
bridge/bridge769.jpg,bridge,bridge,True,0.9636164150758326,0.9636164150758326,0.01309488786263166,0.01186000493805958,0.011428692123476041
bridge/bridge770.jpg,bridge,bridge,True,0.9562383775368464,0.9562383775368464,0.01588962165836048,0.014774123176240892,0.013097877628552213
bridge/bridge771.jpg,bridge,bridge,True,0.9612483518082816,0.9612483518082816,0.015191650994528436,0.012431054152696953,0.011128943044492929
bridge/bridge772.jpg,bridge,bridge,True,0.9614459544389214,0.9614459544389214,0.013915834514647432,0.012074318411557502,0.012563892634873688
bridge/bridge773.jpg,bridge,bridge,True,0.961194770004361,0.961194770004361,0.014834641754837405,0.012396632067729644,0.011573956173071874
bridge/bridge774.jpg,bridge,bridge,True,0.9623045346192984,0.9623045346192984,0.014070766914834432,0.011656332678839991,0.01196836578702708
bridge/bridge775.jpg,bridge,bridge,True,0.9668751143494012,0.9668751143494012,0.013685828066176924,0.011116502345295032,0.008322555239126839
bridge/bridge776.jpg,bridge,bridge,True,0.9629410903924259,0.9629410903924259,0.014346671905182,0.012725044366188855,0.009987193336202967
bridge/bridge777.jpg,bridge,bridge,True,0.9621731970848476,0.9621731970848476,0.014081908238342631,0.013165493163506624,0.010579401513303294
bridge/bridge778.jpg,bridge,bridge,True,0.9581270378034681,0.9581270378034681,0.01762308173158052,0.013455283139139356,0.010794597325812118
bridge/bridge779.jpg,bridge,bridge,True,0.9609871489348926,0.9609871489348926,0.016284202275433816,0.012736828968008897,0.009991819821664482
bridge/bridge780.jpg,bridge,bridge,True,0.9608805642559427,0.9608805642559427,0.01628993292330121,0.013291007576263498,0.009538495244492557
bridge/bridge781.jpg,bridge,bridge,True,0.9619294489856329,0.9619294489856329,0.015325192005102,0.012287884133357572,0.010457474875907475
bridge/bridge782.jpg,bridge,bridge,True,0.9623829748644018,0.9623829748644018,0.015180508053099609,0.012207864477341039,0.010228652605157566
bridge/bridge783.jpg,bridge,bridge,True,0.9646150999894338,0.9646150999894338,0.014188338121128716,0.012076760258989143,0.009119801630448374
bridge/bridge784.jpg,bridge,bridge,True,0.9620205353478994,0.9620205353478994,0.015131377172128216,0.012475010622252087,0.010373076857720293
bridge/bridge785.jpg,bridge,bridge,True,0.9619109033068174,0.9619109033068174,0.01508853449924648,0.012282768941215456,0.010717793252720684
bridge/bridge786.jpg,bridge,bridge,True,0.9614239559864827,0.9614239559864827,0.015809271495198892,0.012783558279148382,0.00998321423917008
bridge/bridge787.jpg,bridge,bridge,True,0.9615618712913887,0.9615618712913887,0.015437143162581234,0.012580960866478271,0.010420024679551566
bridge/bridge788.jpg,bridge,bridge,True,0.9609980310243056,0.9609980310243056,0.015567139258045743,0.01258617010989629,0.010848659607752385
bridge/bridge789.jpg,bridge,bridge,True,0.9576826104140991,0.9576826104140991,0.0172577421170968,0.013731472480342977,0.011328174988461337
bridge/bridge790.jpg,bridge,bridge,True,0.9609402911970664,0.9609402911970664,0.01645910869182178,0.012414172280901692,0.01018642783021009
bridge/bridge791.jpg,bridge,bridge,True,0.9583707682493463,0.9583707682493463,0.01749756507472238,0.012902146124565712,0.011229520551365531
bridge/bridge792.jpg,bridge,bridge,True,0.9608041208696679,0.9608041208696679,0.016782325445486905,0.012024581672242659,0.010388972012602663
bridge/bridge793.jpg,bridge,bridge,True,0.9523417354185416,0.9523417354185416,0.014681111385619177,0.01672078506994306,0.0162563681258964
bridge/bridge794.jpg,bridge,bridge,True,0.9597738668431501,0.9597738668431501,0.013402182031283263,0.013323830821151654,0.01350012030441496
bridge/bridge795.jpg,bridge,bridge,True,0.9598880451875734,0.9598880451875734,0.013285101736217655,0.013183066141423571,0.013643786934785358
bridge/bridge796.jpg,bridge,bridge,True,0.96171156119162,0.96171156119162,0.012887610574756625,0.012501467116646925,0.012899361116976404
bridge/bridge797.jpg,bridge,bridge,True,0.9583493612297995,0.9583493612297995,0.015239863171265692,0.013289388601103081,0.013121386997831714
bridge/bridge798.jpg,bridge,bridge,True,0.9596383498104046,0.9596383498104046,0.014911100099177364,0.012219305956492092,0.013231244133925823
bridge/bridge799.jpg,bridge,bridge,True,0.9601959654169777,0.9601959654169777,0.013410058293546875,0.013074540571415586,0.013319435718059634
bridge/bridge800.jpg,bridge,bridge,True,0.957778515448495,0.957778515448495,0.015332668638488204,0.013607944836195448,0.013280871076821077
freeway/freeway701.jpg,freeway,freeway,True,0.9637603847952253,0.01371825695044344,0.9637603847952253,0.010244984935069376,0.012276373319261815
freeway/freeway702.jpg,freeway,freeway,True,0.9664033210614665,0.012409228857159614,0.9664033210614665,0.0109499376933893,0.010237512387984548
freeway/freeway703.jpg,freeway,freeway,True,0.9654966892018486,0.012126389332116754,0.9654966892018486,0.009099839335778247,0.013277082130256287
freeway/freeway704.jpg,freeway,freeway,True,0.9685052993236454,0.011195935198681374,0.9685052993236454,0.008760173245672834,0.011538592232000619
freeway/freeway705.jpg,freeway,freeway,True,0.966238421473972,0.012100507866140702,0.966238421473972,0.009158147043157875,0.012502923616729647
freeway/freeway706.jpg,freeway,freeway,True,0.9668265701113233,0.012462690180820123,0.9668265701113233,0.010874544006949075,0.009836195700907319
freeway/freeway707.jpg,freeway,freeway,True,0.9616683924862214,0.0162938706658458,0.9616683924862214,0.010878444238403458,0.011159292609529553
freeway/freeway708.jpg,freeway,freeway,True,0.9699167467618033,0.012244133740771367,0.9699167467618033,0.010112196406249116,0.007726923091176241
freeway/freeway709.jpg,freeway,freeway,True,0.9707568339826314,0.013145442600435275,0.9707568339826314,0.007868124865963376,0.008229598550969965
freeway/freeway710.jpg,freeway,freeway,True,0.967401055121288,0.013128941566107973,0.967401055121288,0.00952672061174666,0.00994328270085752
freeway/freeway711.jpg,freeway,freeway,True,0.9681427144667906,0.01234145249946476,0.9681427144667906,0.00932232486076428,0.010193508172980524
freeway/freeway712.jpg,freeway,freeway,True,0.9695782187515509,0.012063455392907827,0.9695782187515509,0.008739088608104793,0.009619237247436506
freeway/freeway713.jpg,freeway,freeway,True,0.9650737804350031,0.012250474884265845,0.9650737804350031,0.009469617273041011,0.013206127407690112
freeway/freeway714.jpg,freeway,freeway,True,0.9574596598615668,0.015647091564309604,0.9574596598615668,0.01130085095890735,0.015592397615216236
freeway/freeway715.jpg,freeway,freeway,True,0.9577465746605679,0.014665025016979024,0.9577465746605679,0.01053485154235895,0.017053548780094123
freeway/freeway716.jpg,freeway,freeway,True,0.966935475837299,0.012558539100096609,0.966935475837299,0.008205887869664565,0.012300097192939752
freeway/freeway717.jpg,freeway,freeway,True,0.9670867349377327,0.010986453948392061,0.9670867349377327,0.008901764179584588,0.013025046934290739
freeway/freeway718.jpg,freeway,freeway,True,0.9654217408296321,0.011507018744450237,0.9654217408296321,0.0091493800283993,0.013921860397518275
freeway/freeway719.jpg,freeway,freeway,True,0.9663058673684803,0.011398795121159372,0.9663058673684803,0.009772213682583974,0.012523123827776414
freeway/freeway720.jpg,freeway,freeway,True,0.9564608660932296,0.016121691483606735,0.9564608660932296,0.014925490325530668,0.012491952097633005
freeway/freeway721.jpg,freeway,freeway,True,0.9415073810785644,0.02466680434227254,0.9415073810785644,0.01709878011288673,0.016727034466276276
freeway/freeway722.jpg,freeway,freeway,True,0.9469742907264471,0.01794226481618164,0.9469742907264471,0.017366754820078465,0.017716689637292626
freeway/freeway723.jpg,freeway,freeway,True,0.9393638079518188,0.023673804672065347,0.9393638079518188,0.018826467694030298,0.01813591968208562
freeway/freeway724.jpg,freeway,freeway,True,0.935873774726711,0.02459077755842887,0.935873774726711,0.019861381513616997,0.01967406620124312
freeway/freeway725.jpg,freeway,freeway,True,0.9526256850900714,0.01897694429888741,0.9526256850900714,0.01397336678513168,0.014424003825909675
freeway/freeway726.jpg,freeway,freeway,True,0.9641701533514121,0.012521276700644608,0.9641701533514121,0.010655536535539018,0.012653033412404235
freeway/freeway727.jpg,freeway,freeway,True,0.95992704058727,0.014946835336260783,0.95992704058727,0.012456787618647214,0.012669336457822047
freeway/freeway728.jpg,freeway,freeway,True,0.9576160927076016,0.01517751561294951,0.9576160927076016,0.012716428527487859,0.014489963151960994
freeway/freeway729.jpg,freeway,freeway,True,0.9624391215913198,0.013355637681992686,0.9624391215913198,0.01238056892228164,0.011824671804405835
freeway/freeway730.jpg,freeway,freeway,True,0.9702370240222941,0.010184397129874722,0.9702370240222941,0.009582283594966557,0.009996295252864563
freeway/freeway731.jpg,freeway,freeway,True,0.9629154264037654,0.013508335254070978,0.9629154264037654,0.011424015851131526,0.012152222491032181
freeway/freeway732.jpg,freeway,freeway,True,0.9666536182498962,0.01134657564942937,0.9666536182498962,0.011710840821005406,0.010288965279668879
freeway/freeway733.jpg,freeway,freeway,True,0.9670120453276869,0.01163222724799876,0.9670120453276869,0.010498685412373147,0.010857042011941013
freeway/freeway734.jpg,freeway,freeway,True,0.9436109058168853,0.020792550173917207,0.9436109058168853,0.01726851744773622,0.01832802656146145
freeway/freeway735.jpg,freeway,freeway,True,0.9594837620385188,0.01495982208360333,0.9594837620385188,0.012176830445134646,0.013379585432743266
freeway/freeway736.jpg,freeway,freeway,True,0.9493056920270663,0.02050376484006046,0.9493056920270663,0.014329552979154886,0.015860990153718214
freeway/freeway737.jpg,freeway,freeway,True,0.9557442896677847,0.01509122150897605,0.9557442896677847,0.014082976165825507,0.015081512657413582
freeway/freeway738.jpg,freeway,freeway,True,0.962938461187674,0.012808435972592925,0.962938461187674,0.011509451561241071,0.012743651278492031
freeway/freeway739.jpg,freeway,freeway,True,0.9577213678550927,0.01393856734715741,0.9577213678550927,0.013542124999531845,0.014797939798218229
freeway/freeway740.jpg,freeway,freeway,True,0.9634124718562106,0.013165428090322154,0.9634124718562106,0.011898676403485988,0.011523423649981242
freeway/freeway741.jpg,freeway,freeway,True,0.9597514087750902,0.013801799895459354,0.9597514087750902,0.012837752899426935,0.013609038430023316
freeway/freeway742.jpg,freeway,freeway,True,0.9581733883870724,0.014422966389529604,0.9581733883870724,0.013719763288877524,0.013683881934520466
freeway/freeway743.jpg,freeway,freeway,True,0.9520879789552547,0.016657124847253728,0.9520879789552547,0.014956860053896444,0.016298036143595145
freeway/freeway744.jpg,freeway,freeway,True,0.9591021274879491,0.014386678741688945,0.9591021274879491,0.01344391366322459,0.013067280107137275
freeway/freeway745.jpg,freeway,freeway,True,0.9613100607212655,0.013813257907545989,0.9613100607212655,0.01240544523329322,0.012471236137895369
freeway/freeway746.jpg,freeway,freeway,True,0.9623556485309249,0.012494734639163526,0.9623556485309249,0.013356490953296838,0.011793125876614725
freeway/freeway747.jpg,freeway,freeway,True,0.9616423668987412,0.014097402265067427,0.9616423668987412,0.012105309660707459,0.012154921175484017
freeway/freeway748.jpg,freeway,freeway,True,0.9608951233963756,0.012660336918012874,0.9608951233963756,0.012575223785678474,0.013869315899933066
freeway/freeway749.jpg,freeway,freeway,True,0.9628238475053569,0.013203986251785002,0.9628238475053569,0.011168655072500084,0.01280351117035802
freeway/freeway750.jpg,freeway,freeway,True,0.9517722192501551,0.016468640915166314,0.9517722192501551,0.014893496717618205,0.016865643117060437
freeway/freeway751.jpg,freeway,freeway,True,0.9526362565356072,0.018752885161742613,0.9526362565356072,0.013618448857017375,0.014992409445632864
freeway/freeway752.jpg,freeway,freeway,True,0.9529854445684102,0.016944575447305356,0.9529854445684102,0.014950715540044528,0.015119264444240024
freeway/freeway753.jpg,freeway,freeway,True,0.9527920225290246,0.019443133225183293,0.9527920225290246,0.014919982153801786,0.012844862091990225
freeway/freeway754.jpg,freeway,freeway,True,0.9652986319590243,0.013129760847752012,0.9652986319590243,0.011065488317206666,0.010506118876017082
freeway/freeway755.jpg,freeway,freeway,True,0.9659540164777851,0.013294549769592276,0.9659540164777851,0.009834243486524707,0.0109171902660978
freeway/freeway756.jpg,freeway,freeway,True,0.9588018668549645,0.015569731240740728,0.9588018668549645,0.012765741641317585,0.012862660262977195
freeway/freeway757.jpg,freeway,freeway,True,0.9672988919048662,0.011746617687717004,0.9672988919048662,0.010208428976635002,0.010746061430781818
freeway/freeway758.jpg,freeway,freeway,True,0.9614459010050916,0.015074695117923094,0.9614459010050916,0.010976904039732952,0.01250249983725227
freeway/freeway759.jpg,freeway,freeway,True,0.9652219916847141,0.012961723479875982,0.9652219916847141,0.009926818946482728,0.011889465888927248
freeway/freeway760.jpg,freeway,freeway,True,0.958327673733329,0.014664811955476014,0.958327673733329,0.013180156089694195,0.013827358221500613
freeway/freeway761.jpg,freeway,freeway,True,0.9599164422085444,0.013892708645572878,0.9599164422085444,0.012450011166034275,0.013740837979848276
freeway/freeway762.jpg,freeway,freeway,True,0.9680110358686127,0.012554527213324056,0.9680110358686127,0.009117370841619973,0.010317066076443188
freeway/freeway763.jpg,freeway,freeway,True,0.9624104495113212,0.014966943980022174,0.9624104495113212,0.01039311841295917,0.012229488095697464
freeway/freeway764.jpg,freeway,freeway,True,0.9625304130902061,0.013115750727834545,0.9625304130902061,0.013470819054077297,0.010883017127882078
freeway/freeway765.jpg,freeway,freeway,True,0.9572561681492376,0.013563321581464538,0.9572561681492376,0.01543258452780444,0.013747925741493479
freeway/freeway766.jpg,freeway,freeway,True,0.9273392918433306,0.02571863633165383,0.9273392918433306,0.024433221040931426,0.0225088507840842
freeway/freeway767.jpg,freeway,freeway,True,0.9345780446158939,0.023524446140607985,0.9345780446158939,0.021790892381659287,0.020106616861838705
freeway/freeway768.jpg,freeway,freeway,True,0.962823000908797,0.012846861220060528,0.962823000908797,0.013212481899999793,0.011117655971142481
freeway/freeway769.jpg,freeway,freeway,True,0.9553491921624648,0.015315498770282415,0.9553491921624648,0.015005323815965078,0.014329985251287794
freeway/freeway770.jpg,freeway,freeway,True,0.9506279874237379,0.018450032826774133,0.9506279874237379,0.016432737665184157,0.01448924208430398
freeway/freeway771.jpg,freeway,freeway,True,0.9622110454838291,0.013726430606274338,0.9622110454838291,0.012141108281250115,0.01192141562864653
freeway/freeway772.jpg,freeway,freeway,True,0.9699816781252312,0.011500731421356911,0.9699816781252312,0.009140829510918144,0.00937676094249383
freeway/freeway773.jpg,freeway,freeway,True,0.9587075465296628,0.0143171403973845,0.9587075465296628,0.014463017693374672,0.012512295379577917
freeway/freeway774.jpg,freeway,freeway,True,0.9520384741726866,0.019106103891731792,0.9520384741726866,0.014806667731075668,0.014048754204505992
freeway/freeway775.jpg,freeway,freeway,True,0.9520769574772971,0.014021858634488243,0.9520769574772971,0.01899915117706524,0.014902032711149524
freeway/freeway776.jpg,freeway,freeway,True,0.9591688937039816,0.012672245015571851,0.9591688937039816,0.014507288069124368,0.01365157321132198
freeway/freeway777.jpg,freeway,freeway,True,0.9533278508968911,0.01471207150294247,0.9533278508968911,0.014323937488364465,0.017636140111802028
freeway/freeway778.jpg,freeway,freeway,True,0.9610415160315655,0.012855119102461648,0.9610415160315655,0.013321479017490492,0.012781885848482478
freeway/freeway779.jpg,freeway,freeway,True,0.9599878081914898,0.013212713285953673,0.9599878081914898,0.014217249964467809,0.012582228558088953
freeway/freeway780.jpg,freeway,freeway,True,0.9540383982418373,0.01696154638992787,0.9540383982418373,0.015240335933308114,0.013759719434926718
freeway/freeway781.jpg,freeway,freeway,True,0.9550733048271558,0.016399479846738906,0.9550733048271558,0.014650693949896461,0.013876521376208876
freeway/freeway782.jpg,freeway,freeway,True,0.9635180206098061,0.0123640352291568,0.9635180206098061,0.011970145841822325,0.012147798319214755
freeway/freeway783.jpg,freeway,freeway,True,0.9238611483023811,0.03773911225694805,0.9238611483023811,0.019824250034797722,0.01857548940587313
freeway/freeway784.jpg,freeway,freeway,True,0.9390014842290372,0.024949793785561794,0.9390014842290372,0.019503994266424237,0.01654472771897684
freeway/freeway785.jpg,freeway,freeway,True,0.9637232765983957,0.012295421084499311,0.9637232765983957,0.01310459751327549,0.010876704803829513
freeway/freeway786.jpg,freeway,freeway,True,0.9543294018954918,0.01582149347164242,0.9543294018954918,0.01631409494545449,0.013535009687411372
freeway/freeway787.jpg,freeway,freeway,True,0.9561130769711572,0.014876417724419555,0.9561130769711572,0.016060080807395672,0.012950424497027574
freeway/freeway788.jpg,freeway,freeway,True,0.9652825499107175,0.011841924269189534,0.9652825499107175,0.011064312714689906,0.011811213105402991
freeway/freeway789.jpg,freeway,freeway,True,0.9688789586700148,0.010578963528616767,0.9688789586700148,0.00973364270070333,0.010808435100664968
freeway/freeway790.jpg,freeway,freeway,True,0.9617626561638467,0.014195242274914085,0.9617626561638467,0.012904504548825229,0.011137597012413814
freeway/freeway791.jpg,freeway,freeway,True,0.9634284387250397,0.01353755062570762,0.9634284387250397,0.011441636098311631,0.011592374550940929
freeway/freeway792.jpg,freeway,freeway,True,0.9640396274687174,0.013351545621691805,0.9640396274687174,0.01319193039106856,0.009416896518522334
freeway/freeway793.jpg,freeway,freeway,True,0.9575030167049602,0.014887088591643007,0.9575030167049602,0.015662478075654795,0.011947416627742003
freeway/freeway794.jpg,freeway,freeway,True,0.9417519833635283,0.01689653771385266,0.9417519833635283,0.022835761135583284,0.018515717787035663
freeway/freeway795.jpg,freeway,freeway,True,0.9674704978105273,0.011170818939088634,0.9674704978105273,0.012462495763594449,0.008896187486789529
freeway/freeway796.jpg,freeway,freeway,True,0.9661825716775246,0.012293025375979495,0.9661825716775246,0.01190754087261363,0.009616862073882378
freeway/freeway797.jpg,freeway,freeway,True,0.9704851692276475,0.010713047725126748,0.9704851692276475,0.010698043438503498,0.008103739608722375
freeway/freeway798.jpg,freeway,freeway,True,0.9696383991284653,0.01177959372814771,0.9696383991284653,0.010247742478549248,0.008334264664837734
freeway/freeway799.jpg,freeway,freeway,True,0.9674027118220729,0.011640410446457848,0.9674027118220729,0.01029430960790375,0.010662568123565525
freeway/freeway800.jpg,freeway,freeway,True,0.9579616116462021,0.014388203060126312,0.9579616116462021,0.01396778406868184,0.013682401224989827
overpass/overpass701.jpg,overpass,overpass,True,0.9749337418135351,0.008332624348236665,0.00808427255289866,0.9749337418135351,0.008649361285329657
overpass/overpass702.jpg,overpass,overpass,True,0.9641582863808568,0.01283025347251806,0.010917602667232539,0.9641582863808568,0.012093857479392638
overpass/overpass703.jpg,overpass,overpass,True,0.9702655355779082,0.00831013104113899,0.011290854909970373,0.9702655355779082,0.010133478470982468
overpass/overpass704.jpg,overpass,overpass,True,0.9752330742766986,0.008092586163152227,0.007418405020559341,0.9752330742766986,0.009255934539589745
overpass/overpass705.jpg,overpass,overpass,True,0.9460180283201443,0.015665239048888936,0.01511693662949302,0.9460180283201443,0.023199796001473733
overpass/overpass706.jpg,overpass,overpass,True,0.9679816186974375,0.009557529724814162,0.010469498341637755,0.9679816186974375,0.011991353236110423
overpass/overpass707.jpg,overpass,overpass,True,0.9642365687608297,0.012860976361454042,0.009678381514314095,0.9642365687608297,0.01322407336340226
overpass/overpass708.jpg,overpass,overpass,True,0.9663147638897999,0.010678862810470303,0.009693949268661952,0.9663147638897999,0.013312424031067796
overpass/overpass709.jpg,overpass,overpass,True,0.9710822469731615,0.008678715436638859,0.009042851041700889,0.9710822469731615,0.011196186548498775
overpass/overpass710.jpg,overpass,overpass,True,0.9688939694705582,0.008156213922592604,0.010097498637411157,0.9688939694705582,0.012852317969438067
overpass/overpass711.jpg,overpass,overpass,True,0.9641230157271419,0.009927352084833346,0.011355604804983519,0.9641230157271419,0.014594027383041303
overpass/overpass712.jpg,overpass,overpass,True,0.97059702684015,0.0075218334067648305,0.010145411493036348,0.97059702684015,0.011735728260048869
overpass/overpass713.jpg,overpass,overpass,True,0.9622377776079966,0.010441967587072097,0.01445403172726358,0.9622377776079966,0.012866223077667754
overpass/overpass714.jpg,overpass,overpass,True,0.9612684243912806,0.011943408403179392,0.013341869009522184,0.9612684243912806,0.013446298196017909
overpass/overpass715.jpg,overpass,overpass,True,0.9664445036279502,0.009345973088043765,0.012734808740205753,0.9664445036279502,0.011474714543800248
overpass/overpass716.jpg,overpass,overpass,True,0.9641687443578723,0.010057594218162803,0.013353989691381197,0.9641687443578723,0.012419671732583733
overpass/overpass717.jpg,overpass,overpass,True,0.9642940699720993,0.010098009739724995,0.012548049207523166,0.9642940699720993,0.013059871080652454
overpass/overpass718.jpg,overpass,overpass,True,0.9694693741012039,0.007730432322038574,0.011416771675062781,0.9694693741012039,0.011383421901694661
overpass/overpass719.jpg,overpass,overpass,True,0.9602830433721146,0.012530230541034679,0.013481270599160966,0.9602830433721146,0.013705455487689864
overpass/overpass720.jpg,overpass,overpass,True,0.9633662187374095,0.010683471446112165,0.011601468004983627,0.9633662187374095,0.014348841811494607
overpass/overpass721.jpg,overpass,overpass,True,0.963912470968858,0.011573959825883808,0.010958656780826265,0.963912470968858,0.013554912424431804
overpass/overpass722.jpg,overpass,overpass,True,0.962360338228731,0.010741370910383932,0.015226636832480506,0.962360338228731,0.011671654028404484
overpass/overpass723.jpg,overpass,overpass,True,0.962351101615103,0.00935561900801671,0.013705105393019518,0.962351101615103,0.014588173983860832
overpass/overpass724.jpg,overpass,overpass,True,0.9652090895081553,0.00976081249364685,0.011443995815493636,0.9652090895081553,0.013586102182704077
overpass/overpass725.jpg,overpass,overpass,True,0.9589490865069928,0.013600831869621448,0.014580506502064562,0.9589490865069928,0.0128695751213212
overpass/overpass726.jpg,overpass,overpass,True,0.9643116493876503,0.011954212642457189,0.012740035373058043,0.9643116493876503,0.010994102596834476
overpass/overpass727.jpg,overpass,overpass,True,0.9708395893200059,0.007806319587263436,0.01111351107566193,0.9708395893200059,0.010240580017068717
overpass/overpass728.jpg,overpass,overpass,True,0.9701026364101408,0.010039367081653969,0.010218298205833884,0.9701026364101408,0.009639698302371269
overpass/overpass729.jpg,overpass,overpass,True,0.9554467606947098,0.015211311737802883,0.015951600155081302,0.9554467606947098,0.0133903274124061
overpass/overpass730.jpg,overpass,overpass,True,0.9616365389942091,0.014608534141081196,0.01319563576553581,0.9616365389942091,0.010559291099173793
overpass/overpass731.jpg,overpass,overpass,True,0.9534183150278476,0.01720481742215723,0.014126223302752606,0.9534183150278476,0.015250644247242613
overpass/overpass732.jpg,overpass,overpass,True,0.9365817690663332,0.02891914106071441,0.01679043399833101,0.9365817690663332,0.017708655874621334
overpass/overpass733.jpg,overpass,overpass,True,0.9558502280114654,0.016084102961641655,0.013977271282628228,0.9558502280114654,0.014088397744264914
overpass/overpass734.jpg,overpass,overpass,True,0.9373508822160841,0.02591287151971648,0.017962312201305935,0.9373508822160841,0.01877393406289349
overpass/overpass735.jpg,overpass,overpass,True,0.9686972368331043,0.009204328489304484,0.011406040184047487,0.9686972368331043,0.010692394493543849
overpass/overpass736.jpg,overpass,overpass,True,0.9690892532387141,0.0077042325334129025,0.011665985350110732,0.9690892532387141,0.011540528877762121
overpass/overpass737.jpg,overpass,overpass,True,0.9646705078023701,0.012664902408143783,0.011490454460236789,0.9646705078023701,0.011174135329249399
overpass/overpass738.jpg,overpass,overpass,True,0.9677560678764237,0.010858726937575417,0.01042367789260989,0.9677560678764237,0.010961527293391032
overpass/overpass739.jpg,overpass,overpass,True,0.9697994510209271,0.007858792961623576,0.012124479875123518,0.9697994510209271,0.010217276142325787
overpass/overpass740.jpg,overpass,overpass,True,0.9623043370912172,0.012671592341470672,0.012914034640425356,0.9623043370912172,0.01211003592688695
overpass/overpass741.jpg,overpass,overpass,True,0.9630895832012777,0.013235398703107384,0.013219363166110063,0.9630895832012777,0.010455654929504985
overpass/overpass742.jpg,overpass,overpass,True,0.9611254221836625,0.014245146822957515,0.014005125199223634,0.9611254221836625,0.010624305794156418
overpass/overpass743.jpg,overpass,overpass,True,0.9620389329187956,0.012640493302340943,0.014075558078968263,0.9620389329187956,0.011245015699895161
overpass/overpass744.jpg,overpass,overpass,True,0.9693322637699314,0.009280459159855101,0.010888284705938332,0.9693322637699314,0.01049899236427513
overpass/overpass745.jpg,overpass,overpass,True,0.9516532191954004,0.014230613743196934,0.020133128371788798,0.9516532191954004,0.013983038689613855
overpass/overpass746.jpg,overpass,overpass,True,0.9665136679046392,0.008547292545683318,0.014552022266017234,0.9665136679046392,0.010387017283660255
overpass/overpass747.jpg,overpass,overpass,True,0.9668359276772731,0.01164903205501984,0.011166746187497401,0.9668359276772731,0.010348294080209762
overpass/overpass748.jpg,overpass,overpass,True,0.965822943201809,0.008431868371524315,0.015747464211579385,0.965822943201809,0.00999772421508733
overpass/overpass749.jpg,overpass,overpass,True,0.9668789194193986,0.010484601371262524,0.012953253806645913,0.9668789194193986,0.009683225402693008
overpass/overpass750.jpg,overpass,overpass,True,0.9644557036442568,0.010596840390535473,0.014419604308387509,0.9644557036442568,0.010527851656820316
overpass/overpass751.jpg,overpass,overpass,True,0.9511756061557121,0.01354006338913282,0.021326620149974575,0.9511756061557121,0.013957710305180428
overpass/overpass752.jpg,overpass,overpass,True,0.9569643699181002,0.013130786691422548,0.01603046124441032,0.9569643699181002,0.01387438214606685
overpass/overpass753.jpg,overpass,overpass,True,0.9618564384917611,0.011111746689210281,0.01671760894327435,0.9618564384917611,0.0103142058757544
overpass/overpass754.jpg,overpass,overpass,True,0.9657588100793716,0.00923849785396394,0.015604917049394191,0.9657588100793716,0.009397775017270158
overpass/overpass755.jpg,overpass,overpass,True,0.966500533258348,0.010352529316856962,0.011750923180347943,0.966500533258348,0.01139601424444717
overpass/overpass756.jpg,overpass,overpass,True,0.9665561613866018,0.01142012380188151,0.011655259553392396,0.9665561613866018,0.010368455258124475
overpass/overpass757.jpg,overpass,overpass,True,0.970787673105758,0.008225287485380343,0.012304073935040148,0.970787673105758,0.008682965473821476
overpass/overpass758.jpg,overpass,overpass,True,0.9718843698427181,0.008640565678725842,0.010615989110483377,0.9718843698427181,0.008859075368072672
overpass/overpass759.jpg,overpass,overpass,True,0.9631050458194265,0.010703465428582297,0.01663129781734265,0.9631050458194265,0.009560190934648657
overpass/overpass760.jpg,overpass,overpass,True,0.9640751407462251,0.010795669215368106,0.011723702076813253,0.9640751407462251,0.013405487961593533
overpass/overpass761.jpg,overpass,overpass,True,0.9624833815341497,0.011420314700717908,0.01313910248680956,0.9624833815341497,0.012957201278322844
overpass/overpass762.jpg,overpass,overpass,True,0.9650670727977426,0.011115029821464312,0.012968591228846672,0.9650670727977426,0.01084930615194653
overpass/overpass763.jpg,overpass,overpass,True,0.9631946852755144,0.012826612357143266,0.0133445132677537,0.9631946852755144,0.010634189099588576
overpass/overpass764.jpg,overpass,overpass,True,0.9659915537688221,0.012775092353872542,0.01029083058016023,0.9659915537688221,0.010942523297145304
overpass/overpass765.jpg,overpass,overpass,True,0.9665882120474506,0.009730900163457425,0.011423943340970402,0.9665882120474506,0.012256944448121644
overpass/overpass766.jpg,overpass,overpass,True,0.965206352782861,0.011971136391082705,0.011225069608260568,0.965206352782861,0.011597441217795552
overpass/overpass767.jpg,overpass,overpass,True,0.9624592402070923,0.00992763773975289,0.012114258142483037,0.9624592402070923,0.015498863910671767
overpass/overpass768.jpg,overpass,overpass,True,0.9621319116722232,0.0100682455195653,0.012642664427539013,0.9621319116722232,0.015157178380672586
overpass/overpass769.jpg,overpass,overpass,True,0.9448687461785078,0.018463756272894642,0.01875784963400601,0.9448687461785078,0.017909647914591553
overpass/overpass770.jpg,overpass,overpass,True,0.9521191934365297,0.018147286293358943,0.016071202499275822,0.9521191934365297,0.013662317770835633
overpass/overpass771.jpg,overpass,overpass,True,0.9646921179270157,0.010750685052275843,0.012501738273140325,0.9646921179270157,0.012055458747568294
overpass/overpass772.jpg,overpass,overpass,True,0.9492454752764818,0.021713951237539896,0.013616149615882669,0.9492454752764818,0.015424423870095709
overpass/overpass773.jpg,overpass,overpass,True,0.9610824372101748,0.012780635209585958,0.011919292568293438,0.9610824372101748,0.014217635011945848
overpass/overpass774.jpg,overpass,overpass,True,0.9670751948727991,0.009716604518651473,0.01205280799016902,0.9670751948727991,0.011155392618380498
overpass/overpass775.jpg,overpass,overpass,True,0.9614826258485919,0.011926599940513491,0.013043289248940623,0.9614826258485919,0.013547484961954018
overpass/overpass776.jpg,overpass,overpass,True,0.9565461066814608,0.01509537174121009,0.011656133695428866,0.9565461066814608,0.01670238788190029
overpass/overpass777.jpg,overpass,overpass,True,0.9678566161649784,0.009606803888591843,0.01137834583051776,0.9678566161649784,0.011158234115911917
overpass/overpass778.jpg,overpass,overpass,True,0.9718988843398051,0.0071190528253866235,0.009608293010355191,0.9718988843398051,0.0113737698244531
overpass/overpass779.jpg,overpass,overpass,True,0.9634547375462955,0.011330740960077636,0.011980641431667913,0.9634547375462955,0.013233880061958867
overpass/overpass780.jpg,overpass,overpass,True,0.9687130449670183,0.009589159165091269,0.011166982126942865,0.9687130449670183,0.010530813740947496
overpass/overpass781.jpg,overpass,overpass,True,0.961017601005392,0.011610405928965293,0.013736384710638254,0.961017601005392,0.01363560835500439
overpass/overpass782.jpg,overpass,overpass,True,0.9602205937044058,0.012790757557315704,0.01480967188963213,0.9602205937044058,0.012178976848646392
overpass/overpass783.jpg,overpass,overpass,True,0.9650126353801266,0.010247382088428774,0.014480311283147577,0.9650126353801266,0.010259671248296937
overpass/overpass784.jpg,overpass,overpass,True,0.9624987058243345,0.011018625326025032,0.011965021204369644,0.9624987058243345,0.014517647645270875
overpass/overpass785.jpg,overpass,overpass,True,0.9628458035907685,0.011164754450857474,0.01398699137061116,0.9628458035907685,0.012002450587762777
overpass/overpass786.jpg,overpass,overpass,True,0.9579320664208102,0.013445843430083515,0.015436764776815432,0.9579320664208102,0.01318532537229097
overpass/overpass787.jpg,overpass,overpass,True,0.9597610106992537,0.011660100645775386,0.01764480955415317,0.9597610106992537,0.010934079100817722
overpass/overpass788.jpg,overpass,overpass,True,0.9661978257971942,0.009992396277120728,0.012752849939455788,0.9661978257971942,0.011056927986229292
overpass/overpass789.jpg,overpass,overpass,True,0.9655413825512235,0.01102638896230507,0.011814217518618539,0.9655413825512235,0.011618010967852895
overpass/overpass790.jpg,overpass,overpass,True,0.9612590567922943,0.011917997419805492,0.012936209937662025,0.9612590567922943,0.013886735850238086
overpass/overpass791.jpg,overpass,overpass,True,0.9702846869351665,0.0073291758050699225,0.011088000196942005,0.9702846869351665,0.01129813706282167
overpass/overpass792.jpg,overpass,overpass,True,0.969800209813615,0.009171351913357956,0.009807201092814842,0.969800209813615,0.011221237180212297
overpass/overpass793.jpg,overpass,overpass,True,0.9633890628452062,0.011620405570669026,0.012287756796933546,0.9633890628452062,0.012702774787191312
overpass/overpass794.jpg,overpass,overpass,True,0.964167684487033,0.01227683271237287,0.012930052748697875,0.964167684487033,0.01062543005189628
overpass/overpass795.jpg,overpass,overpass,True,0.9478854875874269,0.02174443670626097,0.016885876234351414,0.9478854875874269,0.01348419947196084
overpass/overpass796.jpg,overpass,overpass,True,0.9597034957416439,0.013604963293436145,0.013753219530799811,0.9597034957416439,0.012938321434120046
overpass/overpass797.jpg,overpass,overpass,True,0.9499761634305212,0.01529727772954909,0.014737473863451239,0.9499761634305212,0.019989084976478333
overpass/overpass798.jpg,overpass,overpass,True,0.9278614336761639,0.01722777124510919,0.027240847700603286,0.9278614336761639,0.027669947378123554
overpass/overpass799.jpg,overpass,overpass,True,0.9541059207392514,0.017109394191805367,0.016179005916091307,0.9541059207392514,0.012605679152851929
overpass/overpass800.jpg,overpass,overpass,True,0.9620210409475736,0.012237226185330791,0.011790409811542666,0.9620210409475736,0.013951323055552972
railway/railway701.jpg,railway,railway,True,0.9595686798659007,0.011808693931320169,0.0185145530163332,0.010108073186446069,0.9595686798659007
railway/railway702.jpg,railway,railway,True,0.9558614966828368,0.017817194423530493,0.012949919573322465,0.013371389320310236,0.9558614966828368
railway/railway703.jpg,railway,railway,True,0.961801679030313,0.012336241807019298,0.01570325270670559,0.010158826455962227,0.961801679030313
railway/railway704.jpg,railway,railway,True,0.9556853370437074,0.017910508152401607,0.013213643330643695,0.013190511473247206,0.9556853370437074
railway/railway705.jpg,railway,railway,True,0.9727776609909732,0.010980479459081946,0.00782645020250646,0.00841540934743854,0.9727776609909732
railway/railway706.jpg,railway,railway,True,0.9608358898011389,0.013989843233719984,0.013630207453782284,0.011544059511358914,0.9608358898011389
railway/railway707.jpg,railway,railway,True,0.9660617702137854,0.013941041176060355,0.010085852346733228,0.009911336263421151,0.9660617702137854
railway/railway708.jpg,railway,railway,True,0.95482926265343,0.017081102461511965,0.015431621628434741,0.012658013256623326,0.95482926265343
railway/railway709.jpg,railway,railway,True,0.9628518779806763,0.014246207900883542,0.013914064934738438,0.00898784918370176,0.9628518779806763
railway/railway710.jpg,railway,railway,True,0.9585368501519691,0.017565903255347327,0.011569658416585485,0.01232758817609799,0.9585368501519691
railway/railway711.jpg,railway,railway,True,0.9499337236249474,0.01779616693148805,0.017362486939373974,0.014907622504190492,0.9499337236249474
railway/railway712.jpg,railway,railway,True,0.9498436686725109,0.018132513736820798,0.0156939083050215,0.016329909285646867,0.9498436686725109
railway/railway713.jpg,railway,railway,True,0.9445847503964679,0.020016457803775093,0.02104263348640813,0.014356158313348761,0.9445847503964679
railway/railway714.jpg,railway,railway,True,0.9733445953191329,0.008590460361624126,0.008720949071708303,0.009343995247534697,0.9733445953191329
railway/railway715.jpg,railway,railway,True,0.9543362596720318,0.018923221148357015,0.015966701804161123,0.01077381737545003,0.9543362596720318
railway/railway716.jpg,railway,railway,True,0.9507753675576903,0.01835805768601807,0.01871442921525052,0.012152145541041144,0.9507753675576903
railway/railway717.jpg,railway,railway,True,0.951018366452732,0.020781826439075626,0.013187115340998883,0.01501269176719351,0.951018366452732
railway/railway718.jpg,railway,railway,True,0.9539079396454606,0.01889589405588165,0.01563358232254023,0.011562583976117445,0.9539079396454606
railway/railway719.jpg,railway,railway,True,0.944694100594325,0.02246257519273039,0.018492837080280756,0.014350487132663776,0.944694100594325
railway/railway720.jpg,railway,railway,True,0.9667148115179295,0.013594209829941882,0.009563061205253931,0.010127917446874628,0.9667148115179295
railway/railway721.jpg,railway,railway,True,0.9502889288440785,0.02048183939316897,0.016332094427985985,0.01289713733476662,0.9502889288440785
railway/railway722.jpg,railway,railway,True,0.9606585694349173,0.014118969563418824,0.012109775668628083,0.013112685333035688,0.9606585694349173
railway/railway723.jpg,railway,railway,True,0.9550401156170003,0.01951657539690279,0.01458619316966485,0.010857115816432018,0.9550401156170003
railway/railway724.jpg,railway,railway,True,0.9617526874235566,0.015391035667867077,0.013122550289385498,0.00973372661919091,0.9617526874235566
railway/railway725.jpg,railway,railway,True,0.951527849318486,0.02225502252666258,0.015489658026349808,0.010727470128501695,0.951527849318486
railway/railway726.jpg,railway,railway,True,0.9505607293306582,0.017817902102769928,0.01602232918548877,0.015599039381083153,0.9505607293306582
railway/railway727.jpg,railway,railway,True,0.9584726225299522,0.015598309023119608,0.012031266047972196,0.013897802398955893,0.9584726225299522
railway/railway728.jpg,railway,railway,True,0.9498808898181612,0.020668697677148157,0.016420320378698065,0.013030092125992527,0.9498808898181612
railway/railway729.jpg,railway,railway,True,0.9572399220545134,0.014592730491982973,0.01356878469389791,0.014598562759605763,0.9572399220545134
railway/railway730.jpg,railway,railway,True,0.954452832206514,0.019869491275071514,0.013425881529728264,0.012251794988686148,0.954452832206514
railway/railway731.jpg,railway,railway,True,0.9332199133751536,0.029828755987113494,0.017512440821661136,0.01943888981607172,0.9332199133751536
railway/railway732.jpg,railway,railway,True,0.9531972437813393,0.018948435664076727,0.01568428505069905,0.012170035503884971,0.9531972437813393
railway/railway733.jpg,railway,railway,True,0.9599739685918965,0.014375273082311301,0.014409815757056577,0.011240942568735523,0.9599739685918965
railway/railway734.jpg,railway,railway,True,0.9481020793367555,0.019964270410374015,0.017783818183653353,0.014149832069217202,0.9481020793367555
railway/railway735.jpg,railway,railway,True,0.9654105941962252,0.013121897991890676,0.011946413516309528,0.009521094295574545,0.9654105941962252
railway/railway736.jpg,railway,railway,True,0.9407779920393147,0.024221436731242375,0.016762135645433,0.018238435584010112,0.9407779920393147
railway/railway737.jpg,railway,railway,True,0.9610951054166915,0.012486498942828023,0.013524518894584656,0.012893876745895738,0.9610951054166915
railway/railway738.jpg,railway,railway,True,0.8978427462461298,0.06508340580543891,0.019167283900609393,0.017906564047821955,0.8978427462461298
railway/railway739.jpg,railway,railway,True,0.9507985909749548,0.018740497736038517,0.015783282518181053,0.014677628770825757,0.9507985909749548
railway/railway740.jpg,railway,railway,True,0.8975565194805432,0.05740163524132267,0.02355022497979418,0.02149162029833997,0.8975565194805432
railway/railway741.jpg,railway,railway,True,0.9562015922316642,0.015454299079382302,0.014316673458519367,0.01402743523043409,0.9562015922316642
railway/railway742.jpg,railway,railway,True,0.9338760517478019,0.02565719063360095,0.01878125275148515,0.02168550486711213,0.9338760517478019
railway/railway743.jpg,railway,railway,True,0.9550248535963731,0.015344715970594716,0.01568626795441597,0.013944162478616177,0.9550248535963731
railway/railway744.jpg,railway,railway,True,0.9545296211085545,0.018358126024259326,0.014915336815615023,0.012196916051571124,0.9545296211085545
railway/railway745.jpg,railway,railway,True,0.959988596770859,0.015899827956307518,0.011610615108692553,0.012500960164141015,0.959988596770859
railway/railway746.jpg,railway,railway,True,0.9617129095039498,0.014680779876432728,0.011602218690616234,0.012004091929001265,0.9617129095039498
railway/railway747.jpg,railway,railway,True,0.9595884512591529,0.015916694087451683,0.013327550045350101,0.011167304608045284,0.9595884512591529
railway/railway748.jpg,railway,railway,True,0.9595081851115079,0.016115014273174116,0.012544309208738504,0.011832491406579422,0.9595081851115079
railway/railway749.jpg,railway,railway,True,0.9376087470857419,0.03139056515009131,0.016386987099621275,0.014613700664545374,0.9376087470857419
railway/railway750.jpg,railway,railway,True,0.9583578687295478,0.014569972196422648,0.015667167003721654,0.011404992070307996,0.9583578687295478
railway/railway751.jpg,railway,railway,True,0.9568128989648682,0.01688669085661422,0.013946857929789966,0.01235355224872762,0.9568128989648682
railway/railway752.jpg,railway,railway,True,0.9545013744535336,0.014620781872911234,0.01604107244096782,0.01483677123258746,0.9545013744535336
railway/railway753.jpg,railway,railway,True,0.9660174154022775,0.01447986032669289,0.010172343610621151,0.009330380660408564,0.9660174154022775
railway/railway754.jpg,railway,railway,True,0.9628382188268584,0.013106209145933271,0.013501967726993582,0.010553604300214677,0.9628382188268584
railway/railway755.jpg,railway,railway,True,0.955263556647961,0.016936935778033173,0.015060036431576681,0.012739471142429074,0.955263556647961
railway/railway756.jpg,railway,railway,True,0.9586989986326785,0.015415622121162736,0.012032450103034761,0.013852929143124,0.9586989986326785
railway/railway757.jpg,railway,railway,True,0.9515252392121599,0.021778817294700215,0.014124174556532173,0.012571768936607728,0.9515252392121599
railway/railway758.jpg,railway,railway,True,0.963176849033951,0.013505082995000642,0.014009527754087564,0.009308540216960925,0.963176849033951
railway/railway759.jpg,railway,railway,True,0.9535124467400972,0.017030908430016662,0.016949110093674145,0.01250753473621194,0.9535124467400972
railway/railway760.jpg,railway,railway,True,0.8852676044126377,0.06382905975879566,0.024628293405399317,0.026275042423167333,0.8852676044126377
railway/railway761.jpg,railway,railway,True,0.9679497328221742,0.011488196230119969,0.010681911136609115,0.009880159811096802,0.9679497328221742
railway/railway762.jpg,railway,railway,True,0.9555211675062089,0.018389268789742334,0.013401749069509115,0.012687814634539624,0.9555211675062089
railway/railway763.jpg,railway,railway,True,0.9679892082129063,0.010343658343034195,0.011392847056364933,0.010274286387694646,0.9679892082129063
railway/railway764.jpg,railway,railway,True,0.9585413734170524,0.017510400339584627,0.014162754371924234,0.009785471871438812,0.9585413734170524
railway/railway765.jpg,railway,railway,True,0.9608524259580237,0.014223662676098271,0.014545114855590771,0.010378796510287336,0.9608524259580237
railway/railway766.jpg,railway,railway,True,0.954075867713158,0.017510350504016153,0.015323005167066403,0.013090776615759334,0.954075867713158
railway/railway767.jpg,railway,railway,True,0.9555411181490385,0.014051696844439058,0.01609191392444311,0.01431527108207919,0.9555411181490385
railway/railway768.jpg,railway,railway,True,0.9544335417159144,0.01657732679426893,0.015079760952623488,0.013909370537193122,0.9544335417159144
railway/railway769.jpg,railway,railway,True,0.9607096316228695,0.013075420228498023,0.013206293408944943,0.013008654739687505,0.9607096316228695
railway/railway770.jpg,railway,railway,True,0.9581658851994354,0.016830446647836235,0.013883238095283383,0.011120430057444985,0.9581658851994354
railway/railway771.jpg,railway,railway,True,0.9625380261164379,0.014595324470708548,0.012133257086931177,0.010733392325922487,0.9625380261164379
railway/railway772.jpg,railway,railway,True,0.957923847669562,0.0168614284822421,0.014001997378556761,0.011212726469639105,0.957923847669562
railway/railway773.jpg,railway,railway,True,0.9529929123908019,0.01788161512088797,0.017523825290712686,0.01160164719759748,0.9529929123908019
railway/railway774.jpg,railway,railway,True,0.9630208960602548,0.013388742447768404,0.012130826951036068,0.01145953454094077,0.9630208960602548
railway/railway775.jpg,railway,railway,True,0.9620540937854324,0.014800416609592694,0.011375607594286507,0.011769882010688402,0.9620540937854324
railway/railway776.jpg,railway,railway,True,0.9590201787527481,0.015659437249401158,0.01404037591698628,0.011280008080864535,0.9590201787527481
railway/railway777.jpg,railway,railway,True,0.960744446531759,0.014093787200708988,0.012911173192896626,0.01225059307463521,0.960744446531759
railway/railway778.jpg,railway,railway,True,0.9526930414067647,0.02055453891849382,0.01425760187350749,0.012494817801234105,0.9526930414067647
railway/railway779.jpg,railway,railway,True,0.9664548011093937,0.01373688238188632,0.01115942983841364,0.008648886670306248,0.9664548011093937
railway/railway780.jpg,railway,railway,True,0.9602982594464508,0.014555025842091186,0.015237955251918484,0.009908759459539519,0.9602982594464508
railway/railway781.jpg,railway,railway,True,0.9559205635944619,0.015848418777249646,0.013962961191588104,0.014268056436700302,0.9559205635944619
railway/railway782.jpg,railway,railway,True,0.9510693533060793,0.022086804876829232,0.015224334361582012,0.01161950745550947,0.9510693533060793
railway/railway783.jpg,railway,railway,True,0.9641608873391969,0.014781289433120593,0.011310094378410676,0.009747728849271874,0.9641608873391969
railway/railway784.jpg,railway,railway,True,0.9550209714014359,0.0188570889653498,0.01410910100916798,0.012012838624046273,0.9550209714014359
railway/railway785.jpg,railway,railway,True,0.9391943547768331,0.02506039419663541,0.016000257590870044,0.019744993435661464,0.9391943547768331
railway/railway786.jpg,railway,railway,True,0.9538871350875594,0.018690824153586204,0.01618165073166005,0.0112403900271943,0.9538871350875594
railway/railway787.jpg,railway,railway,True,0.962609295117946,0.014268794728232876,0.012421120166943703,0.010700789986877443,0.962609295117946
railway/railway788.jpg,railway,railway,True,0.9596139919383394,0.014319491741851448,0.01338254203985319,0.01268397427995595,0.9596139919383394
railway/railway789.jpg,railway,railway,True,0.965933606670809,0.012529885740193404,0.012421584572424423,0.009114923016573313,0.965933606670809
railway/railway790.jpg,railway,railway,True,0.9484765441748755,0.019829437368033654,0.015180797299229191,0.01651322115786161,0.9484765441748755
railway/railway791.jpg,railway,railway,True,0.9634573086388487,0.01566263781332697,0.010916901143109546,0.009963152404714752,0.9634573086388487
railway/railway792.jpg,railway,railway,True,0.9315698083941055,0.02349534411209647,0.023246280644567366,0.02168856684923078,0.9315698083941055
railway/railway793.jpg,railway,railway,True,0.9436291596138544,0.01779223740433197,0.020119148949718654,0.01845945403209508,0.9436291596138544
railway/railway794.jpg,railway,railway,True,0.9562703182206586,0.018271771134401472,0.013359508248738905,0.012098402396201217,0.9562703182206586
railway/railway795.jpg,railway,railway,True,0.9495472269237524,0.019807817767229088,0.016387480416263183,0.014257474892755318,0.9495472269237524
railway/railway796.jpg,railway,railway,True,0.9535265052308798,0.018593285082553927,0.015117074394520022,0.012763135292046162,0.9535265052308798
railway/railway797.jpg,railway,railway,True,0.965645901858721,0.01383007643579218,0.009849590530591503,0.010674431174895272,0.965645901858721
railway/railway798.jpg,railway,railway,True,0.948637263459857,0.017323614690123505,0.021226919776177414,0.012812202073842127,0.948637263459857
railway/railway799.jpg,railway,railway,True,0.9667303463888296,0.012367440019218322,0.01202958168819311,0.008872631903758931,0.9667303463888296
railway/railway800.jpg,railway,railway,True,0.968633674083562,0.011119409404666552,0.011241984410322437,0.009004932101449075,0.968633674083562
